-- MySQL Script generated by MySQL Workbench
-- Mon Aug 26 12:37:51 2019
-- Model: New Model    Version: 1.0
-- MySQL Workbench Forward Engineering

SET @OLD_UNIQUE_CHECKS=@@UNIQUE_CHECKS, UNIQUE_CHECKS=0;
SET @OLD_FOREIGN_KEY_CHECKS=@@FOREIGN_KEY_CHECKS, FOREIGN_KEY_CHECKS=0;
SET @OLD_SQL_MODE=@@SQL_MODE, SQL_MODE='ONLY_FULL_GROUP_BY,STRICT_TRANS_TABLES,NO_ZERO_IN_DATE,NO_ZERO_DATE,ERROR_FOR_DIVISION_BY_ZERO,NO_ENGINE_SUBSTITUTION';

-- -----------------------------------------------------
-- Schema mydb
-- -----------------------------------------------------
-- -----------------------------------------------------
-- Schema fonade_db
-- -----------------------------------------------------

-- -----------------------------------------------------
-- Schema fonade_db
-- -----------------------------------------------------
CREATE SCHEMA IF NOT EXISTS `fonade_db` DEFAULT CHARACTER SET utf8 ;
USE `fonade_db` ;

-- -----------------------------------------------------
-- Table `fonade_db`.`app_region`
-- -----------------------------------------------------
CREATE TABLE IF NOT EXISTS `fonade_db`.`app_region` (
  `id` INT NOT NULL AUTO_INCREMENT,
  `region` VARCHAR(60) NOT NULL,
  `updated_at` TIMESTAMP NOT NULL DEFAULT CURRENT_TIMESTAMP ON UPDATE CURRENT_TIMESTAMP COMMENT 'Autoupdate',
  PRIMARY KEY (`id`))
ENGINE = InnoDB
AUTO_INCREMENT = 7
DEFAULT CHARACTER SET = utf8
COLLATE = utf8_bin;


-- -----------------------------------------------------
-- Table `fonade_db`.`app_departamento`
-- -----------------------------------------------------
CREATE TABLE IF NOT EXISTS `fonade_db`.`app_departamento` (
  `codigo_dane` INT NOT NULL,
  `departamento` VARCHAR(60) NOT NULL,
  `region_id` INT NULL DEFAULT NULL,
  `updated_at` TIMESTAMP NOT NULL DEFAULT CURRENT_TIMESTAMP ON UPDATE CURRENT_TIMESTAMP COMMENT 'Autoupdate',
  PRIMARY KEY (`codigo_dane`),
  INDEX `fk_app_departamento_app_region1_idx` (`region_id` ASC),
  CONSTRAINT `fk_app_departamento_app_region1`
    FOREIGN KEY (`region_id`)
    REFERENCES `fonade_db`.`app_region` (`id`)
    ON DELETE SET NULL
    ON UPDATE CASCADE)
ENGINE = InnoDB
AUTO_INCREMENT = 34
DEFAULT CHARACTER SET = utf8
COLLATE = utf8_bin;


-- -----------------------------------------------------
-- Table `fonade_db`.`app_ciudad`
-- -----------------------------------------------------
CREATE TABLE IF NOT EXISTS `fonade_db`.`app_ciudad` (
  `codigo_dane` INT NOT NULL,
  `ciudad` VARCHAR(60) NOT NULL,
  `departamento_dane` INT NULL DEFAULT NULL,
  `updated_at` TIMESTAMP NOT NULL DEFAULT CURRENT_TIMESTAMP ON UPDATE CURRENT_TIMESTAMP COMMENT 'Autoupdate',
  INDEX `fk_app_ciudad_app_departamento1_idx` (`departamento_dane` ASC),
  PRIMARY KEY (`codigo_dane`),
  CONSTRAINT `fk_app_ciudad_app_departamento1`
    FOREIGN KEY (`departamento_dane`)
    REFERENCES `fonade_db`.`app_departamento` (`codigo_dane`)
    ON DELETE SET NULL
    ON UPDATE CASCADE)
ENGINE = InnoDB
AUTO_INCREMENT = 1124
DEFAULT CHARACTER SET = utf8
COLLATE = utf8_bin;


-- -----------------------------------------------------
-- Table `fonade_db`.`app_centro_negocios`
-- -----------------------------------------------------
CREATE TABLE IF NOT EXISTS `fonade_db`.`app_centro_negocios` (
  `id` INT NOT NULL,
  `nombre` VARCHAR(60) NOT NULL,
  `descripcion` VARCHAR(60) NULL DEFAULT NULL,
  `ciudad_dane` INT NULL DEFAULT NULL,
  `updated_at` TIMESTAMP NOT NULL DEFAULT CURRENT_TIMESTAMP ON UPDATE CURRENT_TIMESTAMP COMMENT 'Autoupdate',
  PRIMARY KEY (`id`),
  INDEX `fk_app_centro_negocios_app_ciudad1_idx` (`ciudad_dane` ASC),
  CONSTRAINT `fk_app_centro_negocios_app_ciudad1`
    FOREIGN KEY (`ciudad_dane`)
    REFERENCES `fonade_db`.`app_ciudad` (`codigo_dane`)
    ON DELETE SET NULL
    ON UPDATE CASCADE)
ENGINE = InnoDB
DEFAULT CHARACTER SET = utf8
COLLATE = utf8_bin
COMMENT = '	';


-- -----------------------------------------------------
-- Table `fonade_db`.`app_convocatoria`
-- -----------------------------------------------------
CREATE TABLE IF NOT EXISTS `fonade_db`.`app_convocatoria` (
  `numero` INT NOT NULL,
  `fecha` TIMESTAMP NOT NULL DEFAULT CURRENT_TIMESTAMP,
  `descripcion` VARCHAR(60) NULL DEFAULT NULL,
  `updated_at` TIMESTAMP NOT NULL DEFAULT CURRENT_TIMESTAMP ON UPDATE CURRENT_TIMESTAMP COMMENT 'Autoupdate',
  PRIMARY KEY (`numero`))
ENGINE = InnoDB
DEFAULT CHARACTER SET = utf8
COLLATE = utf8_bin
COMMENT = '	';


-- -----------------------------------------------------
-- Table `fonade_db`.`app_rol`
-- -----------------------------------------------------
CREATE TABLE IF NOT EXISTS `fonade_db`.`app_rol` (
  `id` INT NOT NULL AUTO_INCREMENT,
  `nombre_unico` VARCHAR(60) NOT NULL,
  `description` VARCHAR(60) NULL DEFAULT NULL,
  `updated_at` TIMESTAMP NOT NULL DEFAULT CURRENT_TIMESTAMP ON UPDATE CURRENT_TIMESTAMP COMMENT 'Autoupdate',
  PRIMARY KEY (`id`),
  UNIQUE INDEX `id_UNIQUE` (`id` ASC),
  UNIQUE INDEX `rol_UNIQUE` (`nombre_unico` ASC))
ENGINE = InnoDB
AUTO_INCREMENT = 4
DEFAULT CHARACTER SET = utf8
COLLATE = utf8_bin;


-- -----------------------------------------------------
-- Table `fonade_db`.`app_usuario`
-- -----------------------------------------------------
CREATE TABLE IF NOT EXISTS `fonade_db`.`app_usuario` (
  `id` INT NOT NULL AUTO_INCREMENT,
  `nombres` VARCHAR(60) NOT NULL,
  `apellidos` VARCHAR(60) NULL DEFAULT NULL,
  `correo` VARCHAR(60) NOT NULL,
  `clave` VARCHAR(32) NOT NULL,
  `imagen` VARCHAR(60) NULL DEFAULT NULL,
  `telefono` VARCHAR(60) NULL DEFAULT NULL,
  `contacto` VARCHAR(60) NULL DEFAULT NULL,
  `ciudad_dane` INT NULL,
  `rol_id` INT NULL,
  `lae_id` INT NULL,
  `updated_at` TIMESTAMP NOT NULL DEFAULT CURRENT_TIMESTAMP ON UPDATE CURRENT_TIMESTAMP COMMENT 'Autoupdate',
  PRIMARY KEY (`id`),
  UNIQUE INDEX `id_UNIQUE` (`id` ASC),
  UNIQUE INDEX `email_UNIQUE` (`correo` ASC),
  UNIQUE INDEX `image_UNIQUE` (`imagen` ASC),
  INDEX `fk_app_usuario_app_rol1_idx` (`rol_id` ASC),
  INDEX `fk_app_usuario_app_usuario1_idx` (`lae_id` ASC),
  INDEX `fk_app_usuario_app_ciudad1_idx` (`ciudad_dane` ASC),
  CONSTRAINT `fk_app_usuario_app_rol1`
    FOREIGN KEY (`rol_id`)
    REFERENCES `fonade_db`.`app_rol` (`id`)
    ON DELETE SET NULL
    ON UPDATE CASCADE,
  CONSTRAINT `fk_app_usuario_app_lae1`
    FOREIGN KEY (`lae_id`)
    REFERENCES `fonade_db`.`app_usuario` (`id`)
    ON DELETE SET NULL
    ON UPDATE CASCADE,
  CONSTRAINT `fk_app_usuario_app_ciudad1`
    FOREIGN KEY (`ciudad_dane`)
    REFERENCES `fonade_db`.`app_ciudad` (`codigo_dane`)
    ON DELETE SET NULL
    ON UPDATE CASCADE)
ENGINE = InnoDB
AUTO_INCREMENT = 3
DEFAULT CHARACTER SET = utf8
COLLATE = utf8_bin;


-- -----------------------------------------------------
-- Table `fonade_db`.`app_documento`
-- -----------------------------------------------------
CREATE TABLE IF NOT EXISTS `fonade_db`.`app_documento` (
  `id` INT NOT NULL AUTO_INCREMENT,
  `nombre_unico` VARCHAR(60) NOT NULL,
  `enlace` VARCHAR(60) NOT NULL,
  `usuario_id` INT NOT NULL,
  `updated_at` TIMESTAMP NOT NULL DEFAULT CURRENT_TIMESTAMP ON UPDATE CURRENT_TIMESTAMP COMMENT 'Autoupdate',
  PRIMARY KEY (`id`),
  UNIQUE INDEX `id_UNIQUE` (`id` ASC),
  UNIQUE INDEX `nombre_unico_UNIQUE` (`nombre_unico` ASC),
  UNIQUE INDEX `link_UNIQUE` (`enlace` ASC),
  INDEX `fk_app_documento_app_usuario1_idx` (`usuario_id` ASC),
  CONSTRAINT `fk_app_documento_app_usuario1`
    FOREIGN KEY (`usuario_id`)
    REFERENCES `fonade_db`.`app_usuario` (`id`)
    ON DELETE CASCADE
    ON UPDATE CASCADE)
ENGINE = InnoDB
AUTO_INCREMENT = 21
DEFAULT CHARACTER SET = utf8;


-- -----------------------------------------------------
-- Table `fonade_db`.`app_proyecto`
-- -----------------------------------------------------
CREATE TABLE IF NOT EXISTS `fonade_db`.`app_proyecto` (
  `id` INT NOT NULL,
  `emprendedor_id` INT NULL,
  `interventor_id` INT NULL,
  `nombre` VARCHAR(60) NOT NULL,
  `objetivo` VARCHAR(60) NULL DEFAULT NULL,
  `fecha_asignacion` TIMESTAMP NOT NULL DEFAULT CURRENT_TIMESTAMP,
  `numero_contrato` VARCHAR(60) NULL DEFAULT NULL,
  `convocatoria_numero` INT NULL,
  `centro_negocios_id` INT NULL,
  `updated_at` TIMESTAMP NOT NULL DEFAULT CURRENT_TIMESTAMP ON UPDATE CURRENT_TIMESTAMP COMMENT 'Autoupdate',
  PRIMARY KEY (`id`),
  INDEX `fk_app_proyecto_app_usuario1_idx` (`emprendedor_id` ASC),
  INDEX `fk_app_proyecto_app_usuario2_idx` (`interventor_id` ASC),
  INDEX `fk_app_proyecto_app_convocatoria1_idx` (`convocatoria_numero` ASC),
  INDEX `fk_app_proyecto_app_centro_negocios1_idx` (`centro_negocios_id` ASC),
  CONSTRAINT `fk_app_proyecto_app_usuario1`
    FOREIGN KEY (`emprendedor_id`)
    REFERENCES `fonade_db`.`app_usuario` (`id`)
    ON DELETE SET NULL
    ON UPDATE CASCADE,
  CONSTRAINT `fk_app_proyecto_app_usuario2`
    FOREIGN KEY (`interventor_id`)
    REFERENCES `fonade_db`.`app_usuario` (`id`)
    ON DELETE SET NULL
    ON UPDATE CASCADE,
  CONSTRAINT `fk_app_proyecto_app_convocatoria1`
    FOREIGN KEY (`convocatoria_numero`)
    REFERENCES `fonade_db`.`app_convocatoria` (`numero`)
    ON DELETE SET NULL
    ON UPDATE CASCADE,
  CONSTRAINT `fk_app_proyecto_app_centro_negocios1`
    FOREIGN KEY (`centro_negocios_id`)
    REFERENCES `fonade_db`.`app_centro_negocios` (`id`)
    ON DELETE SET NULL
    ON UPDATE CASCADE)
ENGINE = InnoDB
DEFAULT CHARACTER SET = utf8
COLLATE = utf8_bin;


-- -----------------------------------------------------
-- Table `fonade_db`.`app_emprendedor_documento`
-- -----------------------------------------------------
CREATE TABLE IF NOT EXISTS `fonade_db`.`app_emprendedor_documento` (
  `id` INT NOT NULL AUTO_INCREMENT,
  `proyecto_id` INT NOT NULL,
  `requerimiento` VARCHAR(60) NOT NULL,
  `documento_id` INT NULL,
  `updated_at` TIMESTAMP NOT NULL DEFAULT CURRENT_TIMESTAMP ON UPDATE CURRENT_TIMESTAMP COMMENT 'Autoupdate',
  PRIMARY KEY (`id`),
  INDEX `fk_app_emprendedor_documento_app_documento1_idx` (`documento_id` ASC),
  INDEX `fk_app_emprendedor_documento_app_proyecto1_idx` (`proyecto_id` ASC),
  CONSTRAINT `fk_app_emprendedor_documento_app_documento1`
    FOREIGN KEY (`documento_id`)
    REFERENCES `fonade_db`.`app_documento` (`id`)
    ON DELETE SET NULL
    ON UPDATE CASCADE,
  CONSTRAINT `fk_app_emprendedor_documento_app_proyecto1`
    FOREIGN KEY (`proyecto_id`)
    REFERENCES `fonade_db`.`app_proyecto` (`id`)
    ON DELETE CASCADE
    ON UPDATE CASCADE)
ENGINE = InnoDB
AUTO_INCREMENT = 22
DEFAULT CHARACTER SET = utf8
COLLATE = utf8_bin;


-- -----------------------------------------------------
-- Table `fonade_db`.`app_festivos`
-- -----------------------------------------------------
CREATE TABLE IF NOT EXISTS `fonade_db`.`app_festivos` (
  `id` INT NOT NULL AUTO_INCREMENT,
  `fecha` DATE NOT NULL,
  `descripcion` VARCHAR(45) NULL DEFAULT NULL,
  `updated_at` TIMESTAMP NOT NULL DEFAULT CURRENT_TIMESTAMP ON UPDATE CURRENT_TIMESTAMP COMMENT 'Autoupdate',
  PRIMARY KEY (`id`),
  UNIQUE INDEX `fecha_UNIQUE` (`fecha` ASC))
ENGINE = InnoDB
AUTO_INCREMENT = 71
DEFAULT CHARACTER SET = utf8
COLLATE = utf8_bin;


-- -----------------------------------------------------
-- Table `fonade_db`.`app_visita`
-- -----------------------------------------------------
CREATE TABLE IF NOT EXISTS `fonade_db`.`app_visita` (
  `id` INT NOT NULL AUTO_INCREMENT,
  `proyecto_id` INT NOT NULL,
  `nombre` VARCHAR(60) NOT NULL,
  `fecha` TIMESTAMP NOT NULL,
  `descripcion` VARCHAR(60) NULL DEFAULT NULL,
  `documento_id` INT NULL,
  `updated_at` TIMESTAMP NOT NULL DEFAULT CURRENT_TIMESTAMP ON UPDATE CURRENT_TIMESTAMP COMMENT 'Autoupdate',
  PRIMARY KEY (`id`),
  INDEX `fk_app_visita_app_documento1_idx` (`documento_id` ASC),
  INDEX `fk_app_visita_app_proyecto1_idx` (`proyecto_id` ASC),
  CONSTRAINT `fk_app_visita_app_documento1`
    FOREIGN KEY (`documento_id`)
    REFERENCES `fonade_db`.`app_documento` (`id`)
    ON DELETE SET NULL
    ON UPDATE CASCADE,
  CONSTRAINT `fk_app_visita_app_proyecto1`
    FOREIGN KEY (`proyecto_id`)
    REFERENCES `fonade_db`.`app_proyecto` (`id`)
    ON DELETE CASCADE
    ON UPDATE CASCADE)
ENGINE = InnoDB
AUTO_INCREMENT = 5
DEFAULT CHARACTER SET = utf8
COLLATE = utf8_bin;


-- -----------------------------------------------------
-- Table `fonade_db`.`app_modulos`
-- -----------------------------------------------------
CREATE TABLE IF NOT EXISTS `fonade_db`.`app_modulos` (
  `id` INT NOT NULL,
  `nombre_unico` VARCHAR(60) NOT NULL,
  `descripcion` VARCHAR(60) NULL DEFAULT NULL,
  `updated_at` TIMESTAMP NOT NULL DEFAULT CURRENT_TIMESTAMP ON UPDATE CURRENT_TIMESTAMP,
  PRIMARY KEY (`id`),
  UNIQUE INDEX `nombre_UNIQUE` (`nombre_unico` ASC))
ENGINE = InnoDB;


-- -----------------------------------------------------
-- Table `fonade_db`.`app_acceso_modulos`
-- -----------------------------------------------------
CREATE TABLE IF NOT EXISTS `fonade_db`.`app_acceso_modulos` (
  `id` INT NOT NULL AUTO_INCREMENT,
  `rol_id` INT NOT NULL,
  `modulos_id` INT NOT NULL,
  `updated_at` TIMESTAMP NOT NULL DEFAULT CURRENT_TIMESTAMP ON UPDATE CURRENT_TIMESTAMP,
  PRIMARY KEY (`id`),
  INDEX `fk_app_acceso_modulos_app_modulos1_idx` (`modulos_id` ASC),
  INDEX `fk_app_acceso_modulos_app_rol1_idx` (`rol_id` ASC),
  CONSTRAINT `fk_app_acceso_modulos_app_modulos1`
    FOREIGN KEY (`modulos_id`)
    REFERENCES `fonade_db`.`app_modulos` (`id`)
    ON DELETE CASCADE
    ON UPDATE CASCADE,
  CONSTRAINT `fk_app_acceso_modulos_app_rol1`
    FOREIGN KEY (`rol_id`)
    REFERENCES `fonade_db`.`app_rol` (`id`)
    ON DELETE CASCADE
    ON UPDATE CASCADE)
ENGINE = InnoDB;


SET SQL_MODE=@OLD_SQL_MODE;
SET FOREIGN_KEY_CHECKS=@OLD_FOREIGN_KEY_CHECKS;
SET UNIQUE_CHECKS=@OLD_UNIQUE_CHECKS;

-- -----------------------------------------------------
-- Data for table `fonade_db`.`app_region`
-- -----------------------------------------------------
START TRANSACTION;
USE `fonade_db`;
INSERT INTO `fonade_db`.`app_region` (`id`, `region`, `updated_at`) VALUES (1, 'Región Caribe', DEFAULT);
INSERT INTO `fonade_db`.`app_region` (`id`, `region`, `updated_at`) VALUES (2, 'Región Centro Oriente', DEFAULT);
INSERT INTO `fonade_db`.`app_region` (`id`, `region`, `updated_at`) VALUES (3, 'Región Centro Sur', DEFAULT);
INSERT INTO `fonade_db`.`app_region` (`id`, `region`, `updated_at`) VALUES (4, 'Región Eje Cafetero - Antioquia', DEFAULT);
INSERT INTO `fonade_db`.`app_region` (`id`, `region`, `updated_at`) VALUES (5, 'Región Llano', DEFAULT);
INSERT INTO `fonade_db`.`app_region` (`id`, `region`, `updated_at`) VALUES (6, 'Región Pacífico', DEFAULT);
INSERT INTO `fonade_db`.`app_region` (`id`, `region`, `updated_at`) VALUES (7, 'Región Pacífico-Andina', DEFAULT);

COMMIT;


-- -----------------------------------------------------
-- Data for table `fonade_db`.`app_departamento`
-- -----------------------------------------------------
START TRANSACTION;
USE `fonade_db`;
INSERT INTO `fonade_db`.`app_departamento` (`codigo_dane`, `departamento`, `region_id`, `updated_at`) VALUES (91, 'Amazonas', 3, DEFAULT);
INSERT INTO `fonade_db`.`app_departamento` (`codigo_dane`, `departamento`, `region_id`, `updated_at`) VALUES (5, 'Antioquia', 4, DEFAULT);
INSERT INTO `fonade_db`.`app_departamento` (`codigo_dane`, `departamento`, `region_id`, `updated_at`) VALUES (81, 'Arauca', 5, DEFAULT);
INSERT INTO `fonade_db`.`app_departamento` (`codigo_dane`, `departamento`, `region_id`, `updated_at`) VALUES (88, 'Archipiélago de San Andrés, Providencia y Santa Catalina', 1, DEFAULT);
INSERT INTO `fonade_db`.`app_departamento` (`codigo_dane`, `departamento`, `region_id`, `updated_at`) VALUES (8, 'Atlántico', 1, DEFAULT);
INSERT INTO `fonade_db`.`app_departamento` (`codigo_dane`, `departamento`, `region_id`, `updated_at`) VALUES (13, 'Bolívar', 1, DEFAULT);
INSERT INTO `fonade_db`.`app_departamento` (`codigo_dane`, `departamento`, `region_id`, `updated_at`) VALUES (15, 'Boyacá', 2, DEFAULT);
INSERT INTO `fonade_db`.`app_departamento` (`codigo_dane`, `departamento`, `region_id`, `updated_at`) VALUES (17, 'Caldas', 4, DEFAULT);
INSERT INTO `fonade_db`.`app_departamento` (`codigo_dane`, `departamento`, `region_id`, `updated_at`) VALUES (18, 'Caquetá', 3, DEFAULT);
INSERT INTO `fonade_db`.`app_departamento` (`codigo_dane`, `departamento`, `region_id`, `updated_at`) VALUES (85, 'Casanare', 5, DEFAULT);
INSERT INTO `fonade_db`.`app_departamento` (`codigo_dane`, `departamento`, `region_id`, `updated_at`) VALUES (20, 'Cesar', 1, DEFAULT);
INSERT INTO `fonade_db`.`app_departamento` (`codigo_dane`, `departamento`, `region_id`, `updated_at`) VALUES (27, 'Chocó', 6, DEFAULT);
INSERT INTO `fonade_db`.`app_departamento` (`codigo_dane`, `departamento`, `region_id`, `updated_at`) VALUES (23, 'Córdoba', 1, DEFAULT);
INSERT INTO `fonade_db`.`app_departamento` (`codigo_dane`, `departamento`, `region_id`, `updated_at`) VALUES (25, 'Cundinamarca', 2, DEFAULT);
INSERT INTO `fonade_db`.`app_departamento` (`codigo_dane`, `departamento`, `region_id`, `updated_at`) VALUES (94, 'Guainía', 5, DEFAULT);
INSERT INTO `fonade_db`.`app_departamento` (`codigo_dane`, `departamento`, `region_id`, `updated_at`) VALUES (95, 'Guaviare', 5, DEFAULT);
INSERT INTO `fonade_db`.`app_departamento` (`codigo_dane`, `departamento`, `region_id`, `updated_at`) VALUES (41, 'Huila', 3, DEFAULT);
INSERT INTO `fonade_db`.`app_departamento` (`codigo_dane`, `departamento`, `region_id`, `updated_at`) VALUES (44, 'La Guajira', 1, DEFAULT);
INSERT INTO `fonade_db`.`app_departamento` (`codigo_dane`, `departamento`, `region_id`, `updated_at`) VALUES (47, 'Magdalena', 1, DEFAULT);
INSERT INTO `fonade_db`.`app_departamento` (`codigo_dane`, `departamento`, `region_id`, `updated_at`) VALUES (50, 'Meta', 5, DEFAULT);
INSERT INTO `fonade_db`.`app_departamento` (`codigo_dane`, `departamento`, `region_id`, `updated_at`) VALUES (52, 'Nariño', 6, DEFAULT);
INSERT INTO `fonade_db`.`app_departamento` (`codigo_dane`, `departamento`, `region_id`, `updated_at`) VALUES (54, 'Norte de Santander', 2, DEFAULT);
INSERT INTO `fonade_db`.`app_departamento` (`codigo_dane`, `departamento`, `region_id`, `updated_at`) VALUES (86, 'Putumayo', 3, DEFAULT);
INSERT INTO `fonade_db`.`app_departamento` (`codigo_dane`, `departamento`, `region_id`, `updated_at`) VALUES (63, 'Quindío', 4, DEFAULT);
INSERT INTO `fonade_db`.`app_departamento` (`codigo_dane`, `departamento`, `region_id`, `updated_at`) VALUES (66, 'Risaralda', 4, DEFAULT);
INSERT INTO `fonade_db`.`app_departamento` (`codigo_dane`, `departamento`, `region_id`, `updated_at`) VALUES (68, 'Santander', 2, DEFAULT);
INSERT INTO `fonade_db`.`app_departamento` (`codigo_dane`, `departamento`, `region_id`, `updated_at`) VALUES (70, 'Sucre', 1, DEFAULT);
INSERT INTO `fonade_db`.`app_departamento` (`codigo_dane`, `departamento`, `region_id`, `updated_at`) VALUES (73, 'Tolima', 3, DEFAULT);
INSERT INTO `fonade_db`.`app_departamento` (`codigo_dane`, `departamento`, `region_id`, `updated_at`) VALUES (76, 'Valle del Cauca', 6, DEFAULT);
INSERT INTO `fonade_db`.`app_departamento` (`codigo_dane`, `departamento`, `region_id`, `updated_at`) VALUES (97, 'Vaupés', 5, DEFAULT);
INSERT INTO `fonade_db`.`app_departamento` (`codigo_dane`, `departamento`, `region_id`, `updated_at`) VALUES (99, 'Vichada', 5, DEFAULT);
INSERT INTO `fonade_db`.`app_departamento` (`codigo_dane`, `departamento`, `region_id`, `updated_at`) VALUES (19, 'Cauca', 7, DEFAULT);

COMMIT;


-- -----------------------------------------------------
-- Data for table `fonade_db`.`app_ciudad`
-- -----------------------------------------------------
START TRANSACTION;
USE `fonade_db`;
INSERT INTO `fonade_db`.`app_ciudad` (`codigo_dane`, `ciudad`, `departamento_dane`, `updated_at`) VALUES (5001, 'Medellín', 5, DEFAULT);
INSERT INTO `fonade_db`.`app_ciudad` (`codigo_dane`, `ciudad`, `departamento_dane`, `updated_at`) VALUES (5002, 'Abejorral', 5, DEFAULT);
INSERT INTO `fonade_db`.`app_ciudad` (`codigo_dane`, `ciudad`, `departamento_dane`, `updated_at`) VALUES (5004, 'Abriaquí', 5, DEFAULT);
INSERT INTO `fonade_db`.`app_ciudad` (`codigo_dane`, `ciudad`, `departamento_dane`, `updated_at`) VALUES (5021, 'Alejandría', 5, DEFAULT);
INSERT INTO `fonade_db`.`app_ciudad` (`codigo_dane`, `ciudad`, `departamento_dane`, `updated_at`) VALUES (5030, 'Amagá', 5, DEFAULT);
INSERT INTO `fonade_db`.`app_ciudad` (`codigo_dane`, `ciudad`, `departamento_dane`, `updated_at`) VALUES (5031, 'Amalfi', 5, DEFAULT);
INSERT INTO `fonade_db`.`app_ciudad` (`codigo_dane`, `ciudad`, `departamento_dane`, `updated_at`) VALUES (5034, 'Andes', 5, DEFAULT);
INSERT INTO `fonade_db`.`app_ciudad` (`codigo_dane`, `ciudad`, `departamento_dane`, `updated_at`) VALUES (5036, 'Angelópolis', 5, DEFAULT);
INSERT INTO `fonade_db`.`app_ciudad` (`codigo_dane`, `ciudad`, `departamento_dane`, `updated_at`) VALUES (5038, 'Angostura', 5, DEFAULT);
INSERT INTO `fonade_db`.`app_ciudad` (`codigo_dane`, `ciudad`, `departamento_dane`, `updated_at`) VALUES (5040, 'Anorí', 5, DEFAULT);
INSERT INTO `fonade_db`.`app_ciudad` (`codigo_dane`, `ciudad`, `departamento_dane`, `updated_at`) VALUES (5042, 'Santafé de Antioquia', 5, DEFAULT);
INSERT INTO `fonade_db`.`app_ciudad` (`codigo_dane`, `ciudad`, `departamento_dane`, `updated_at`) VALUES (5044, 'Anza', 5, DEFAULT);
INSERT INTO `fonade_db`.`app_ciudad` (`codigo_dane`, `ciudad`, `departamento_dane`, `updated_at`) VALUES (5045, 'Apartadó', 5, DEFAULT);
INSERT INTO `fonade_db`.`app_ciudad` (`codigo_dane`, `ciudad`, `departamento_dane`, `updated_at`) VALUES (5051, 'Arboletes', 5, DEFAULT);
INSERT INTO `fonade_db`.`app_ciudad` (`codigo_dane`, `ciudad`, `departamento_dane`, `updated_at`) VALUES (5055, 'Argelia', 5, DEFAULT);
INSERT INTO `fonade_db`.`app_ciudad` (`codigo_dane`, `ciudad`, `departamento_dane`, `updated_at`) VALUES (5059, 'Armenia', 5, DEFAULT);
INSERT INTO `fonade_db`.`app_ciudad` (`codigo_dane`, `ciudad`, `departamento_dane`, `updated_at`) VALUES (5079, 'Barbosa', 5, DEFAULT);
INSERT INTO `fonade_db`.`app_ciudad` (`codigo_dane`, `ciudad`, `departamento_dane`, `updated_at`) VALUES (5086, 'Belmira', 5, DEFAULT);
INSERT INTO `fonade_db`.`app_ciudad` (`codigo_dane`, `ciudad`, `departamento_dane`, `updated_at`) VALUES (5088, 'Bello', 5, DEFAULT);
INSERT INTO `fonade_db`.`app_ciudad` (`codigo_dane`, `ciudad`, `departamento_dane`, `updated_at`) VALUES (5091, 'Betania', 5, DEFAULT);
INSERT INTO `fonade_db`.`app_ciudad` (`codigo_dane`, `ciudad`, `departamento_dane`, `updated_at`) VALUES (5093, 'Betulia', 5, DEFAULT);
INSERT INTO `fonade_db`.`app_ciudad` (`codigo_dane`, `ciudad`, `departamento_dane`, `updated_at`) VALUES (5101, 'Ciudad Bolívar', 5, DEFAULT);
INSERT INTO `fonade_db`.`app_ciudad` (`codigo_dane`, `ciudad`, `departamento_dane`, `updated_at`) VALUES (5107, 'Briceño', 5, DEFAULT);
INSERT INTO `fonade_db`.`app_ciudad` (`codigo_dane`, `ciudad`, `departamento_dane`, `updated_at`) VALUES (5113, 'Buriticá', 5, DEFAULT);
INSERT INTO `fonade_db`.`app_ciudad` (`codigo_dane`, `ciudad`, `departamento_dane`, `updated_at`) VALUES (5120, 'Cáceres', 5, DEFAULT);
INSERT INTO `fonade_db`.`app_ciudad` (`codigo_dane`, `ciudad`, `departamento_dane`, `updated_at`) VALUES (5125, 'Caicedo', 5, DEFAULT);
INSERT INTO `fonade_db`.`app_ciudad` (`codigo_dane`, `ciudad`, `departamento_dane`, `updated_at`) VALUES (5129, 'Caldas', 5, DEFAULT);
INSERT INTO `fonade_db`.`app_ciudad` (`codigo_dane`, `ciudad`, `departamento_dane`, `updated_at`) VALUES (5134, 'Campamento', 5, DEFAULT);
INSERT INTO `fonade_db`.`app_ciudad` (`codigo_dane`, `ciudad`, `departamento_dane`, `updated_at`) VALUES (5138, 'Cañasgordas', 5, DEFAULT);
INSERT INTO `fonade_db`.`app_ciudad` (`codigo_dane`, `ciudad`, `departamento_dane`, `updated_at`) VALUES (5142, 'Caracolí', 5, DEFAULT);
INSERT INTO `fonade_db`.`app_ciudad` (`codigo_dane`, `ciudad`, `departamento_dane`, `updated_at`) VALUES (5145, 'Caramanta', 5, DEFAULT);
INSERT INTO `fonade_db`.`app_ciudad` (`codigo_dane`, `ciudad`, `departamento_dane`, `updated_at`) VALUES (5147, 'Carepa', 5, DEFAULT);
INSERT INTO `fonade_db`.`app_ciudad` (`codigo_dane`, `ciudad`, `departamento_dane`, `updated_at`) VALUES (5148, 'El Carmen de Viboral', 5, DEFAULT);
INSERT INTO `fonade_db`.`app_ciudad` (`codigo_dane`, `ciudad`, `departamento_dane`, `updated_at`) VALUES (5150, 'Carolina', 5, DEFAULT);
INSERT INTO `fonade_db`.`app_ciudad` (`codigo_dane`, `ciudad`, `departamento_dane`, `updated_at`) VALUES (5154, 'Caucasia', 5, DEFAULT);
INSERT INTO `fonade_db`.`app_ciudad` (`codigo_dane`, `ciudad`, `departamento_dane`, `updated_at`) VALUES (5172, 'Chigorodó', 5, DEFAULT);
INSERT INTO `fonade_db`.`app_ciudad` (`codigo_dane`, `ciudad`, `departamento_dane`, `updated_at`) VALUES (5190, 'Cisneros', 5, DEFAULT);
INSERT INTO `fonade_db`.`app_ciudad` (`codigo_dane`, `ciudad`, `departamento_dane`, `updated_at`) VALUES (5197, 'Cocorná', 5, DEFAULT);
INSERT INTO `fonade_db`.`app_ciudad` (`codigo_dane`, `ciudad`, `departamento_dane`, `updated_at`) VALUES (5206, 'Concepción', 5, DEFAULT);
INSERT INTO `fonade_db`.`app_ciudad` (`codigo_dane`, `ciudad`, `departamento_dane`, `updated_at`) VALUES (5209, 'Concordia', 5, DEFAULT);
INSERT INTO `fonade_db`.`app_ciudad` (`codigo_dane`, `ciudad`, `departamento_dane`, `updated_at`) VALUES (5212, 'Copacabana', 5, DEFAULT);
INSERT INTO `fonade_db`.`app_ciudad` (`codigo_dane`, `ciudad`, `departamento_dane`, `updated_at`) VALUES (5234, 'Dabeiba', 5, DEFAULT);
INSERT INTO `fonade_db`.`app_ciudad` (`codigo_dane`, `ciudad`, `departamento_dane`, `updated_at`) VALUES (5237, 'Don Matías', 5, DEFAULT);
INSERT INTO `fonade_db`.`app_ciudad` (`codigo_dane`, `ciudad`, `departamento_dane`, `updated_at`) VALUES (5240, 'Ebéjico', 5, DEFAULT);
INSERT INTO `fonade_db`.`app_ciudad` (`codigo_dane`, `ciudad`, `departamento_dane`, `updated_at`) VALUES (5250, 'El Bagre', 5, DEFAULT);
INSERT INTO `fonade_db`.`app_ciudad` (`codigo_dane`, `ciudad`, `departamento_dane`, `updated_at`) VALUES (5264, 'Entrerrios', 5, DEFAULT);
INSERT INTO `fonade_db`.`app_ciudad` (`codigo_dane`, `ciudad`, `departamento_dane`, `updated_at`) VALUES (5266, 'Envigado', 5, DEFAULT);
INSERT INTO `fonade_db`.`app_ciudad` (`codigo_dane`, `ciudad`, `departamento_dane`, `updated_at`) VALUES (5282, 'Fredonia', 5, DEFAULT);
INSERT INTO `fonade_db`.`app_ciudad` (`codigo_dane`, `ciudad`, `departamento_dane`, `updated_at`) VALUES (5284, 'Frontino', 5, DEFAULT);
INSERT INTO `fonade_db`.`app_ciudad` (`codigo_dane`, `ciudad`, `departamento_dane`, `updated_at`) VALUES (5306, 'Giraldo', 5, DEFAULT);
INSERT INTO `fonade_db`.`app_ciudad` (`codigo_dane`, `ciudad`, `departamento_dane`, `updated_at`) VALUES (5308, 'Girardota', 5, DEFAULT);
INSERT INTO `fonade_db`.`app_ciudad` (`codigo_dane`, `ciudad`, `departamento_dane`, `updated_at`) VALUES (5310, 'Gómez Plata', 5, DEFAULT);
INSERT INTO `fonade_db`.`app_ciudad` (`codigo_dane`, `ciudad`, `departamento_dane`, `updated_at`) VALUES (5313, 'Granada', 5, DEFAULT);
INSERT INTO `fonade_db`.`app_ciudad` (`codigo_dane`, `ciudad`, `departamento_dane`, `updated_at`) VALUES (5315, 'Guadalupe', 5, DEFAULT);
INSERT INTO `fonade_db`.`app_ciudad` (`codigo_dane`, `ciudad`, `departamento_dane`, `updated_at`) VALUES (5318, 'Guarne', 5, DEFAULT);
INSERT INTO `fonade_db`.`app_ciudad` (`codigo_dane`, `ciudad`, `departamento_dane`, `updated_at`) VALUES (5321, 'Guatapé', 5, DEFAULT);
INSERT INTO `fonade_db`.`app_ciudad` (`codigo_dane`, `ciudad`, `departamento_dane`, `updated_at`) VALUES (5347, 'Heliconia', 5, DEFAULT);
INSERT INTO `fonade_db`.`app_ciudad` (`codigo_dane`, `ciudad`, `departamento_dane`, `updated_at`) VALUES (5353, 'Hispania', 5, DEFAULT);
INSERT INTO `fonade_db`.`app_ciudad` (`codigo_dane`, `ciudad`, `departamento_dane`, `updated_at`) VALUES (5360, 'Itagui', 5, DEFAULT);
INSERT INTO `fonade_db`.`app_ciudad` (`codigo_dane`, `ciudad`, `departamento_dane`, `updated_at`) VALUES (5361, 'Ituango', 5, DEFAULT);
INSERT INTO `fonade_db`.`app_ciudad` (`codigo_dane`, `ciudad`, `departamento_dane`, `updated_at`) VALUES (5364, 'Jardín', 5, DEFAULT);
INSERT INTO `fonade_db`.`app_ciudad` (`codigo_dane`, `ciudad`, `departamento_dane`, `updated_at`) VALUES (5368, 'Jericó', 5, DEFAULT);
INSERT INTO `fonade_db`.`app_ciudad` (`codigo_dane`, `ciudad`, `departamento_dane`, `updated_at`) VALUES (5376, 'La Ceja', 5, DEFAULT);
INSERT INTO `fonade_db`.`app_ciudad` (`codigo_dane`, `ciudad`, `departamento_dane`, `updated_at`) VALUES (5380, 'La Estrella', 5, DEFAULT);
INSERT INTO `fonade_db`.`app_ciudad` (`codigo_dane`, `ciudad`, `departamento_dane`, `updated_at`) VALUES (5390, 'La Pintada', 5, DEFAULT);
INSERT INTO `fonade_db`.`app_ciudad` (`codigo_dane`, `ciudad`, `departamento_dane`, `updated_at`) VALUES (5400, 'La Unión', 5, DEFAULT);
INSERT INTO `fonade_db`.`app_ciudad` (`codigo_dane`, `ciudad`, `departamento_dane`, `updated_at`) VALUES (5411, 'Liborina', 5, DEFAULT);
INSERT INTO `fonade_db`.`app_ciudad` (`codigo_dane`, `ciudad`, `departamento_dane`, `updated_at`) VALUES (5425, 'Maceo', 5, DEFAULT);
INSERT INTO `fonade_db`.`app_ciudad` (`codigo_dane`, `ciudad`, `departamento_dane`, `updated_at`) VALUES (5440, 'Marinilla', 5, DEFAULT);
INSERT INTO `fonade_db`.`app_ciudad` (`codigo_dane`, `ciudad`, `departamento_dane`, `updated_at`) VALUES (5467, 'Montebello', 5, DEFAULT);
INSERT INTO `fonade_db`.`app_ciudad` (`codigo_dane`, `ciudad`, `departamento_dane`, `updated_at`) VALUES (5475, 'Murindó', 5, DEFAULT);
INSERT INTO `fonade_db`.`app_ciudad` (`codigo_dane`, `ciudad`, `departamento_dane`, `updated_at`) VALUES (5480, 'Mutatá', 5, DEFAULT);
INSERT INTO `fonade_db`.`app_ciudad` (`codigo_dane`, `ciudad`, `departamento_dane`, `updated_at`) VALUES (5483, 'Nariño', 5, DEFAULT);
INSERT INTO `fonade_db`.`app_ciudad` (`codigo_dane`, `ciudad`, `departamento_dane`, `updated_at`) VALUES (5490, 'Necoclí', 5, DEFAULT);
INSERT INTO `fonade_db`.`app_ciudad` (`codigo_dane`, `ciudad`, `departamento_dane`, `updated_at`) VALUES (5495, 'Nechí', 5, DEFAULT);
INSERT INTO `fonade_db`.`app_ciudad` (`codigo_dane`, `ciudad`, `departamento_dane`, `updated_at`) VALUES (5501, 'Olaya', 5, DEFAULT);
INSERT INTO `fonade_db`.`app_ciudad` (`codigo_dane`, `ciudad`, `departamento_dane`, `updated_at`) VALUES (5541, 'Peñol', 5, DEFAULT);
INSERT INTO `fonade_db`.`app_ciudad` (`codigo_dane`, `ciudad`, `departamento_dane`, `updated_at`) VALUES (5543, 'Peque', 5, DEFAULT);
INSERT INTO `fonade_db`.`app_ciudad` (`codigo_dane`, `ciudad`, `departamento_dane`, `updated_at`) VALUES (5576, 'Pueblorrico', 5, DEFAULT);
INSERT INTO `fonade_db`.`app_ciudad` (`codigo_dane`, `ciudad`, `departamento_dane`, `updated_at`) VALUES (5579, 'Puerto Berrío', 5, DEFAULT);
INSERT INTO `fonade_db`.`app_ciudad` (`codigo_dane`, `ciudad`, `departamento_dane`, `updated_at`) VALUES (5585, 'Puerto Nare', 5, DEFAULT);
INSERT INTO `fonade_db`.`app_ciudad` (`codigo_dane`, `ciudad`, `departamento_dane`, `updated_at`) VALUES (5591, 'Puerto Triunfo', 5, DEFAULT);
INSERT INTO `fonade_db`.`app_ciudad` (`codigo_dane`, `ciudad`, `departamento_dane`, `updated_at`) VALUES (5604, 'Remedios', 5, DEFAULT);
INSERT INTO `fonade_db`.`app_ciudad` (`codigo_dane`, `ciudad`, `departamento_dane`, `updated_at`) VALUES (5607, 'Retiro', 5, DEFAULT);
INSERT INTO `fonade_db`.`app_ciudad` (`codigo_dane`, `ciudad`, `departamento_dane`, `updated_at`) VALUES (5615, 'Rionegro', 5, DEFAULT);
INSERT INTO `fonade_db`.`app_ciudad` (`codigo_dane`, `ciudad`, `departamento_dane`, `updated_at`) VALUES (5628, 'Sabanalarga', 5, DEFAULT);
INSERT INTO `fonade_db`.`app_ciudad` (`codigo_dane`, `ciudad`, `departamento_dane`, `updated_at`) VALUES (5631, 'Sabaneta', 5, DEFAULT);
INSERT INTO `fonade_db`.`app_ciudad` (`codigo_dane`, `ciudad`, `departamento_dane`, `updated_at`) VALUES (5642, 'Salgar', 5, DEFAULT);
INSERT INTO `fonade_db`.`app_ciudad` (`codigo_dane`, `ciudad`, `departamento_dane`, `updated_at`) VALUES (5647, 'San Andrés de Cuerquía', 5, DEFAULT);
INSERT INTO `fonade_db`.`app_ciudad` (`codigo_dane`, `ciudad`, `departamento_dane`, `updated_at`) VALUES (5649, 'San Carlos', 5, DEFAULT);
INSERT INTO `fonade_db`.`app_ciudad` (`codigo_dane`, `ciudad`, `departamento_dane`, `updated_at`) VALUES (5652, 'San Francisco', 5, DEFAULT);
INSERT INTO `fonade_db`.`app_ciudad` (`codigo_dane`, `ciudad`, `departamento_dane`, `updated_at`) VALUES (5656, 'San Jerónimo', 5, DEFAULT);
INSERT INTO `fonade_db`.`app_ciudad` (`codigo_dane`, `ciudad`, `departamento_dane`, `updated_at`) VALUES (5658, 'San José de La Montaña', 5, DEFAULT);
INSERT INTO `fonade_db`.`app_ciudad` (`codigo_dane`, `ciudad`, `departamento_dane`, `updated_at`) VALUES (5659, 'San Juan de Urabá', 5, DEFAULT);
INSERT INTO `fonade_db`.`app_ciudad` (`codigo_dane`, `ciudad`, `departamento_dane`, `updated_at`) VALUES (5660, 'San Luis', 5, DEFAULT);
INSERT INTO `fonade_db`.`app_ciudad` (`codigo_dane`, `ciudad`, `departamento_dane`, `updated_at`) VALUES (5664, 'San Pedro', 5, DEFAULT);
INSERT INTO `fonade_db`.`app_ciudad` (`codigo_dane`, `ciudad`, `departamento_dane`, `updated_at`) VALUES (5665, 'San Pedro de Uraba', 5, DEFAULT);
INSERT INTO `fonade_db`.`app_ciudad` (`codigo_dane`, `ciudad`, `departamento_dane`, `updated_at`) VALUES (5667, 'San Rafael', 5, DEFAULT);
INSERT INTO `fonade_db`.`app_ciudad` (`codigo_dane`, `ciudad`, `departamento_dane`, `updated_at`) VALUES (5670, 'San Roque', 5, DEFAULT);
INSERT INTO `fonade_db`.`app_ciudad` (`codigo_dane`, `ciudad`, `departamento_dane`, `updated_at`) VALUES (5674, 'San Vicente', 5, DEFAULT);
INSERT INTO `fonade_db`.`app_ciudad` (`codigo_dane`, `ciudad`, `departamento_dane`, `updated_at`) VALUES (5679, 'Santa Bárbara', 5, DEFAULT);
INSERT INTO `fonade_db`.`app_ciudad` (`codigo_dane`, `ciudad`, `departamento_dane`, `updated_at`) VALUES (5686, 'Santa Rosa de Osos', 5, DEFAULT);
INSERT INTO `fonade_db`.`app_ciudad` (`codigo_dane`, `ciudad`, `departamento_dane`, `updated_at`) VALUES (5690, 'Santo Domingo', 5, DEFAULT);
INSERT INTO `fonade_db`.`app_ciudad` (`codigo_dane`, `ciudad`, `departamento_dane`, `updated_at`) VALUES (5697, 'El Santuario', 5, DEFAULT);
INSERT INTO `fonade_db`.`app_ciudad` (`codigo_dane`, `ciudad`, `departamento_dane`, `updated_at`) VALUES (5736, 'Segovia', 5, DEFAULT);
INSERT INTO `fonade_db`.`app_ciudad` (`codigo_dane`, `ciudad`, `departamento_dane`, `updated_at`) VALUES (5756, 'Sonsón', 5, DEFAULT);
INSERT INTO `fonade_db`.`app_ciudad` (`codigo_dane`, `ciudad`, `departamento_dane`, `updated_at`) VALUES (5761, 'Sopetrán', 5, DEFAULT);
INSERT INTO `fonade_db`.`app_ciudad` (`codigo_dane`, `ciudad`, `departamento_dane`, `updated_at`) VALUES (5789, 'Támesis', 5, DEFAULT);
INSERT INTO `fonade_db`.`app_ciudad` (`codigo_dane`, `ciudad`, `departamento_dane`, `updated_at`) VALUES (5790, 'Tarazá', 5, DEFAULT);
INSERT INTO `fonade_db`.`app_ciudad` (`codigo_dane`, `ciudad`, `departamento_dane`, `updated_at`) VALUES (5792, 'Tarso', 5, DEFAULT);
INSERT INTO `fonade_db`.`app_ciudad` (`codigo_dane`, `ciudad`, `departamento_dane`, `updated_at`) VALUES (5809, 'Titiribí', 5, DEFAULT);
INSERT INTO `fonade_db`.`app_ciudad` (`codigo_dane`, `ciudad`, `departamento_dane`, `updated_at`) VALUES (5819, 'Toledo', 5, DEFAULT);
INSERT INTO `fonade_db`.`app_ciudad` (`codigo_dane`, `ciudad`, `departamento_dane`, `updated_at`) VALUES (5837, 'Turbo', 5, DEFAULT);
INSERT INTO `fonade_db`.`app_ciudad` (`codigo_dane`, `ciudad`, `departamento_dane`, `updated_at`) VALUES (5842, 'Uramita', 5, DEFAULT);
INSERT INTO `fonade_db`.`app_ciudad` (`codigo_dane`, `ciudad`, `departamento_dane`, `updated_at`) VALUES (5847, 'Urrao', 5, DEFAULT);
INSERT INTO `fonade_db`.`app_ciudad` (`codigo_dane`, `ciudad`, `departamento_dane`, `updated_at`) VALUES (5854, 'Valdivia', 5, DEFAULT);
INSERT INTO `fonade_db`.`app_ciudad` (`codigo_dane`, `ciudad`, `departamento_dane`, `updated_at`) VALUES (5856, 'Valparaíso', 5, DEFAULT);
INSERT INTO `fonade_db`.`app_ciudad` (`codigo_dane`, `ciudad`, `departamento_dane`, `updated_at`) VALUES (5858, 'Vegachí', 5, DEFAULT);
INSERT INTO `fonade_db`.`app_ciudad` (`codigo_dane`, `ciudad`, `departamento_dane`, `updated_at`) VALUES (5861, 'Venecia', 5, DEFAULT);
INSERT INTO `fonade_db`.`app_ciudad` (`codigo_dane`, `ciudad`, `departamento_dane`, `updated_at`) VALUES (5873, 'Vigía del Fuerte', 5, DEFAULT);
INSERT INTO `fonade_db`.`app_ciudad` (`codigo_dane`, `ciudad`, `departamento_dane`, `updated_at`) VALUES (5885, 'Yalí', 5, DEFAULT);
INSERT INTO `fonade_db`.`app_ciudad` (`codigo_dane`, `ciudad`, `departamento_dane`, `updated_at`) VALUES (5887, 'Yarumal', 5, DEFAULT);
INSERT INTO `fonade_db`.`app_ciudad` (`codigo_dane`, `ciudad`, `departamento_dane`, `updated_at`) VALUES (5890, 'Yolombó', 5, DEFAULT);
INSERT INTO `fonade_db`.`app_ciudad` (`codigo_dane`, `ciudad`, `departamento_dane`, `updated_at`) VALUES (5893, 'Yondó', 5, DEFAULT);
INSERT INTO `fonade_db`.`app_ciudad` (`codigo_dane`, `ciudad`, `departamento_dane`, `updated_at`) VALUES (5895, 'Zaragoza', 5, DEFAULT);
INSERT INTO `fonade_db`.`app_ciudad` (`codigo_dane`, `ciudad`, `departamento_dane`, `updated_at`) VALUES (8001, 'Barranquilla', 8, DEFAULT);
INSERT INTO `fonade_db`.`app_ciudad` (`codigo_dane`, `ciudad`, `departamento_dane`, `updated_at`) VALUES (8078, 'Baranoa', 8, DEFAULT);
INSERT INTO `fonade_db`.`app_ciudad` (`codigo_dane`, `ciudad`, `departamento_dane`, `updated_at`) VALUES (8137, 'Campo de La Cruz', 8, DEFAULT);
INSERT INTO `fonade_db`.`app_ciudad` (`codigo_dane`, `ciudad`, `departamento_dane`, `updated_at`) VALUES (8141, 'Candelaria', 8, DEFAULT);
INSERT INTO `fonade_db`.`app_ciudad` (`codigo_dane`, `ciudad`, `departamento_dane`, `updated_at`) VALUES (8296, 'Galapa', 8, DEFAULT);
INSERT INTO `fonade_db`.`app_ciudad` (`codigo_dane`, `ciudad`, `departamento_dane`, `updated_at`) VALUES (8372, 'Juan de Acosta', 8, DEFAULT);
INSERT INTO `fonade_db`.`app_ciudad` (`codigo_dane`, `ciudad`, `departamento_dane`, `updated_at`) VALUES (8421, 'Luruaco', 8, DEFAULT);
INSERT INTO `fonade_db`.`app_ciudad` (`codigo_dane`, `ciudad`, `departamento_dane`, `updated_at`) VALUES (8433, 'Malambo', 8, DEFAULT);
INSERT INTO `fonade_db`.`app_ciudad` (`codigo_dane`, `ciudad`, `departamento_dane`, `updated_at`) VALUES (8436, 'Manatí', 8, DEFAULT);
INSERT INTO `fonade_db`.`app_ciudad` (`codigo_dane`, `ciudad`, `departamento_dane`, `updated_at`) VALUES (8520, 'Palmar de Varela', 8, DEFAULT);
INSERT INTO `fonade_db`.`app_ciudad` (`codigo_dane`, `ciudad`, `departamento_dane`, `updated_at`) VALUES (8549, 'Piojó', 8, DEFAULT);
INSERT INTO `fonade_db`.`app_ciudad` (`codigo_dane`, `ciudad`, `departamento_dane`, `updated_at`) VALUES (8558, 'Polonuevo', 8, DEFAULT);
INSERT INTO `fonade_db`.`app_ciudad` (`codigo_dane`, `ciudad`, `departamento_dane`, `updated_at`) VALUES (8560, 'Ponedera', 8, DEFAULT);
INSERT INTO `fonade_db`.`app_ciudad` (`codigo_dane`, `ciudad`, `departamento_dane`, `updated_at`) VALUES (8573, 'Puerto Colombia', 8, DEFAULT);
INSERT INTO `fonade_db`.`app_ciudad` (`codigo_dane`, `ciudad`, `departamento_dane`, `updated_at`) VALUES (8606, 'Repelón', 8, DEFAULT);
INSERT INTO `fonade_db`.`app_ciudad` (`codigo_dane`, `ciudad`, `departamento_dane`, `updated_at`) VALUES (8634, 'Sabanagrande', 8, DEFAULT);
INSERT INTO `fonade_db`.`app_ciudad` (`codigo_dane`, `ciudad`, `departamento_dane`, `updated_at`) VALUES (8638, 'Sabanalarga', 8, DEFAULT);
INSERT INTO `fonade_db`.`app_ciudad` (`codigo_dane`, `ciudad`, `departamento_dane`, `updated_at`) VALUES (8675, 'Santa Lucía', 8, DEFAULT);
INSERT INTO `fonade_db`.`app_ciudad` (`codigo_dane`, `ciudad`, `departamento_dane`, `updated_at`) VALUES (8685, 'Santo Tomás', 8, DEFAULT);
INSERT INTO `fonade_db`.`app_ciudad` (`codigo_dane`, `ciudad`, `departamento_dane`, `updated_at`) VALUES (8758, 'Soledad', 8, DEFAULT);
INSERT INTO `fonade_db`.`app_ciudad` (`codigo_dane`, `ciudad`, `departamento_dane`, `updated_at`) VALUES (8770, 'Suan', 8, DEFAULT);
INSERT INTO `fonade_db`.`app_ciudad` (`codigo_dane`, `ciudad`, `departamento_dane`, `updated_at`) VALUES (8832, 'Tubará', 8, DEFAULT);
INSERT INTO `fonade_db`.`app_ciudad` (`codigo_dane`, `ciudad`, `departamento_dane`, `updated_at`) VALUES (8849, 'Usiacurí', 8, DEFAULT);
INSERT INTO `fonade_db`.`app_ciudad` (`codigo_dane`, `ciudad`, `departamento_dane`, `updated_at`) VALUES (11001, 'Bogotá D.C.', 25, DEFAULT);
INSERT INTO `fonade_db`.`app_ciudad` (`codigo_dane`, `ciudad`, `departamento_dane`, `updated_at`) VALUES (13001, 'Cartagena', 13, DEFAULT);
INSERT INTO `fonade_db`.`app_ciudad` (`codigo_dane`, `ciudad`, `departamento_dane`, `updated_at`) VALUES (13006, 'Achí', 13, DEFAULT);
INSERT INTO `fonade_db`.`app_ciudad` (`codigo_dane`, `ciudad`, `departamento_dane`, `updated_at`) VALUES (13030, 'Altos del Rosario', 13, DEFAULT);
INSERT INTO `fonade_db`.`app_ciudad` (`codigo_dane`, `ciudad`, `departamento_dane`, `updated_at`) VALUES (13042, 'Arenal', 13, DEFAULT);
INSERT INTO `fonade_db`.`app_ciudad` (`codigo_dane`, `ciudad`, `departamento_dane`, `updated_at`) VALUES (13052, 'Arjona', 13, DEFAULT);
INSERT INTO `fonade_db`.`app_ciudad` (`codigo_dane`, `ciudad`, `departamento_dane`, `updated_at`) VALUES (13062, 'Arroyohondo', 13, DEFAULT);
INSERT INTO `fonade_db`.`app_ciudad` (`codigo_dane`, `ciudad`, `departamento_dane`, `updated_at`) VALUES (13074, 'Barranco de Loba', 13, DEFAULT);
INSERT INTO `fonade_db`.`app_ciudad` (`codigo_dane`, `ciudad`, `departamento_dane`, `updated_at`) VALUES (13140, 'Calamar', 13, DEFAULT);
INSERT INTO `fonade_db`.`app_ciudad` (`codigo_dane`, `ciudad`, `departamento_dane`, `updated_at`) VALUES (13160, 'Cantagallo', 13, DEFAULT);
INSERT INTO `fonade_db`.`app_ciudad` (`codigo_dane`, `ciudad`, `departamento_dane`, `updated_at`) VALUES (13188, 'Cicuco', 13, DEFAULT);
INSERT INTO `fonade_db`.`app_ciudad` (`codigo_dane`, `ciudad`, `departamento_dane`, `updated_at`) VALUES (13212, 'Córdoba', 13, DEFAULT);
INSERT INTO `fonade_db`.`app_ciudad` (`codigo_dane`, `ciudad`, `departamento_dane`, `updated_at`) VALUES (13222, 'Clemencia', 13, DEFAULT);
INSERT INTO `fonade_db`.`app_ciudad` (`codigo_dane`, `ciudad`, `departamento_dane`, `updated_at`) VALUES (13244, 'El Carmen de Bolívar', 13, DEFAULT);
INSERT INTO `fonade_db`.`app_ciudad` (`codigo_dane`, `ciudad`, `departamento_dane`, `updated_at`) VALUES (13248, 'El Guamo', 13, DEFAULT);
INSERT INTO `fonade_db`.`app_ciudad` (`codigo_dane`, `ciudad`, `departamento_dane`, `updated_at`) VALUES (13268, 'El Peñón', 13, DEFAULT);
INSERT INTO `fonade_db`.`app_ciudad` (`codigo_dane`, `ciudad`, `departamento_dane`, `updated_at`) VALUES (13300, 'Hatillo de Loba', 13, DEFAULT);
INSERT INTO `fonade_db`.`app_ciudad` (`codigo_dane`, `ciudad`, `departamento_dane`, `updated_at`) VALUES (13430, 'Magangué', 13, DEFAULT);
INSERT INTO `fonade_db`.`app_ciudad` (`codigo_dane`, `ciudad`, `departamento_dane`, `updated_at`) VALUES (13433, 'Mahates', 13, DEFAULT);
INSERT INTO `fonade_db`.`app_ciudad` (`codigo_dane`, `ciudad`, `departamento_dane`, `updated_at`) VALUES (13440, 'Margarita', 13, DEFAULT);
INSERT INTO `fonade_db`.`app_ciudad` (`codigo_dane`, `ciudad`, `departamento_dane`, `updated_at`) VALUES (13442, 'María la Baja', 13, DEFAULT);
INSERT INTO `fonade_db`.`app_ciudad` (`codigo_dane`, `ciudad`, `departamento_dane`, `updated_at`) VALUES (13458, 'Montecristo', 13, DEFAULT);
INSERT INTO `fonade_db`.`app_ciudad` (`codigo_dane`, `ciudad`, `departamento_dane`, `updated_at`) VALUES (13468, 'Mompós', 13, DEFAULT);
INSERT INTO `fonade_db`.`app_ciudad` (`codigo_dane`, `ciudad`, `departamento_dane`, `updated_at`) VALUES (13473, 'Morales', 13, DEFAULT);
INSERT INTO `fonade_db`.`app_ciudad` (`codigo_dane`, `ciudad`, `departamento_dane`, `updated_at`) VALUES (13490, 'Norosí', 13, DEFAULT);
INSERT INTO `fonade_db`.`app_ciudad` (`codigo_dane`, `ciudad`, `departamento_dane`, `updated_at`) VALUES (13549, 'Pinillos', 13, DEFAULT);
INSERT INTO `fonade_db`.`app_ciudad` (`codigo_dane`, `ciudad`, `departamento_dane`, `updated_at`) VALUES (13580, 'Regidor', 13, DEFAULT);
INSERT INTO `fonade_db`.`app_ciudad` (`codigo_dane`, `ciudad`, `departamento_dane`, `updated_at`) VALUES (13600, 'Río Viejo', 13, DEFAULT);
INSERT INTO `fonade_db`.`app_ciudad` (`codigo_dane`, `ciudad`, `departamento_dane`, `updated_at`) VALUES (13620, 'San Cristóbal', 13, DEFAULT);
INSERT INTO `fonade_db`.`app_ciudad` (`codigo_dane`, `ciudad`, `departamento_dane`, `updated_at`) VALUES (13647, 'San Estanislao', 13, DEFAULT);
INSERT INTO `fonade_db`.`app_ciudad` (`codigo_dane`, `ciudad`, `departamento_dane`, `updated_at`) VALUES (13650, 'San Fernando', 13, DEFAULT);
INSERT INTO `fonade_db`.`app_ciudad` (`codigo_dane`, `ciudad`, `departamento_dane`, `updated_at`) VALUES (13654, 'San Jacinto', 13, DEFAULT);
INSERT INTO `fonade_db`.`app_ciudad` (`codigo_dane`, `ciudad`, `departamento_dane`, `updated_at`) VALUES (13655, 'San Jacinto del Cauca', 13, DEFAULT);
INSERT INTO `fonade_db`.`app_ciudad` (`codigo_dane`, `ciudad`, `departamento_dane`, `updated_at`) VALUES (13657, 'San Juan Nepomuceno', 13, DEFAULT);
INSERT INTO `fonade_db`.`app_ciudad` (`codigo_dane`, `ciudad`, `departamento_dane`, `updated_at`) VALUES (13667, 'San Martín de Loba', 13, DEFAULT);
INSERT INTO `fonade_db`.`app_ciudad` (`codigo_dane`, `ciudad`, `departamento_dane`, `updated_at`) VALUES (13670, 'San Pablo de Borbur', 13, DEFAULT);
INSERT INTO `fonade_db`.`app_ciudad` (`codigo_dane`, `ciudad`, `departamento_dane`, `updated_at`) VALUES (13673, 'Santa Catalina', 13, DEFAULT);
INSERT INTO `fonade_db`.`app_ciudad` (`codigo_dane`, `ciudad`, `departamento_dane`, `updated_at`) VALUES (13683, 'Santa Rosa', 13, DEFAULT);
INSERT INTO `fonade_db`.`app_ciudad` (`codigo_dane`, `ciudad`, `departamento_dane`, `updated_at`) VALUES (13688, 'Santa Rosa del Sur', 13, DEFAULT);
INSERT INTO `fonade_db`.`app_ciudad` (`codigo_dane`, `ciudad`, `departamento_dane`, `updated_at`) VALUES (13744, 'Simití', 13, DEFAULT);
INSERT INTO `fonade_db`.`app_ciudad` (`codigo_dane`, `ciudad`, `departamento_dane`, `updated_at`) VALUES (13760, 'Soplaviento', 13, DEFAULT);
INSERT INTO `fonade_db`.`app_ciudad` (`codigo_dane`, `ciudad`, `departamento_dane`, `updated_at`) VALUES (13780, 'Talaigua Nuevo', 13, DEFAULT);
INSERT INTO `fonade_db`.`app_ciudad` (`codigo_dane`, `ciudad`, `departamento_dane`, `updated_at`) VALUES (13810, 'Tiquisio', 13, DEFAULT);
INSERT INTO `fonade_db`.`app_ciudad` (`codigo_dane`, `ciudad`, `departamento_dane`, `updated_at`) VALUES (13836, 'Turbaco', 13, DEFAULT);
INSERT INTO `fonade_db`.`app_ciudad` (`codigo_dane`, `ciudad`, `departamento_dane`, `updated_at`) VALUES (13838, 'Turbaná', 13, DEFAULT);
INSERT INTO `fonade_db`.`app_ciudad` (`codigo_dane`, `ciudad`, `departamento_dane`, `updated_at`) VALUES (13873, 'Villanueva', 13, DEFAULT);
INSERT INTO `fonade_db`.`app_ciudad` (`codigo_dane`, `ciudad`, `departamento_dane`, `updated_at`) VALUES (13894, 'Zambrano', 13, DEFAULT);
INSERT INTO `fonade_db`.`app_ciudad` (`codigo_dane`, `ciudad`, `departamento_dane`, `updated_at`) VALUES (15001, 'Tunja', 15, DEFAULT);
INSERT INTO `fonade_db`.`app_ciudad` (`codigo_dane`, `ciudad`, `departamento_dane`, `updated_at`) VALUES (15022, 'Almeida', 15, DEFAULT);
INSERT INTO `fonade_db`.`app_ciudad` (`codigo_dane`, `ciudad`, `departamento_dane`, `updated_at`) VALUES (15047, 'Aquitania', 15, DEFAULT);
INSERT INTO `fonade_db`.`app_ciudad` (`codigo_dane`, `ciudad`, `departamento_dane`, `updated_at`) VALUES (15051, 'Arcabuco', 15, DEFAULT);
INSERT INTO `fonade_db`.`app_ciudad` (`codigo_dane`, `ciudad`, `departamento_dane`, `updated_at`) VALUES (15087, 'Belén', 15, DEFAULT);
INSERT INTO `fonade_db`.`app_ciudad` (`codigo_dane`, `ciudad`, `departamento_dane`, `updated_at`) VALUES (15090, 'Berbeo', 15, DEFAULT);
INSERT INTO `fonade_db`.`app_ciudad` (`codigo_dane`, `ciudad`, `departamento_dane`, `updated_at`) VALUES (15092, 'Betéitiva', 15, DEFAULT);
INSERT INTO `fonade_db`.`app_ciudad` (`codigo_dane`, `ciudad`, `departamento_dane`, `updated_at`) VALUES (15097, 'Boavita', 15, DEFAULT);
INSERT INTO `fonade_db`.`app_ciudad` (`codigo_dane`, `ciudad`, `departamento_dane`, `updated_at`) VALUES (15104, 'Boyacá', 15, DEFAULT);
INSERT INTO `fonade_db`.`app_ciudad` (`codigo_dane`, `ciudad`, `departamento_dane`, `updated_at`) VALUES (15106, 'Briceño', 15, DEFAULT);
INSERT INTO `fonade_db`.`app_ciudad` (`codigo_dane`, `ciudad`, `departamento_dane`, `updated_at`) VALUES (15109, 'Buena Vista', 15, DEFAULT);
INSERT INTO `fonade_db`.`app_ciudad` (`codigo_dane`, `ciudad`, `departamento_dane`, `updated_at`) VALUES (15114, 'Busbanzá', 15, DEFAULT);
INSERT INTO `fonade_db`.`app_ciudad` (`codigo_dane`, `ciudad`, `departamento_dane`, `updated_at`) VALUES (15131, 'Caldas', 15, DEFAULT);
INSERT INTO `fonade_db`.`app_ciudad` (`codigo_dane`, `ciudad`, `departamento_dane`, `updated_at`) VALUES (15135, 'Campohermoso', 15, DEFAULT);
INSERT INTO `fonade_db`.`app_ciudad` (`codigo_dane`, `ciudad`, `departamento_dane`, `updated_at`) VALUES (15162, 'Cerinza', 15, DEFAULT);
INSERT INTO `fonade_db`.`app_ciudad` (`codigo_dane`, `ciudad`, `departamento_dane`, `updated_at`) VALUES (15172, 'Chinavita', 15, DEFAULT);
INSERT INTO `fonade_db`.`app_ciudad` (`codigo_dane`, `ciudad`, `departamento_dane`, `updated_at`) VALUES (15176, 'Chiquinquirá', 15, DEFAULT);
INSERT INTO `fonade_db`.`app_ciudad` (`codigo_dane`, `ciudad`, `departamento_dane`, `updated_at`) VALUES (15180, 'Chiscas', 15, DEFAULT);
INSERT INTO `fonade_db`.`app_ciudad` (`codigo_dane`, `ciudad`, `departamento_dane`, `updated_at`) VALUES (15183, 'Chita', 15, DEFAULT);
INSERT INTO `fonade_db`.`app_ciudad` (`codigo_dane`, `ciudad`, `departamento_dane`, `updated_at`) VALUES (15185, 'Chitaraque', 15, DEFAULT);
INSERT INTO `fonade_db`.`app_ciudad` (`codigo_dane`, `ciudad`, `departamento_dane`, `updated_at`) VALUES (15187, 'Chivatá', 15, DEFAULT);
INSERT INTO `fonade_db`.`app_ciudad` (`codigo_dane`, `ciudad`, `departamento_dane`, `updated_at`) VALUES (15189, 'Ciénega', 15, DEFAULT);
INSERT INTO `fonade_db`.`app_ciudad` (`codigo_dane`, `ciudad`, `departamento_dane`, `updated_at`) VALUES (15204, 'Cómbita', 15, DEFAULT);
INSERT INTO `fonade_db`.`app_ciudad` (`codigo_dane`, `ciudad`, `departamento_dane`, `updated_at`) VALUES (15212, 'Coper', 15, DEFAULT);
INSERT INTO `fonade_db`.`app_ciudad` (`codigo_dane`, `ciudad`, `departamento_dane`, `updated_at`) VALUES (15215, 'Corrales', 15, DEFAULT);
INSERT INTO `fonade_db`.`app_ciudad` (`codigo_dane`, `ciudad`, `departamento_dane`, `updated_at`) VALUES (15218, 'Covarachía', 15, DEFAULT);
INSERT INTO `fonade_db`.`app_ciudad` (`codigo_dane`, `ciudad`, `departamento_dane`, `updated_at`) VALUES (15223, 'Cubará', 15, DEFAULT);
INSERT INTO `fonade_db`.`app_ciudad` (`codigo_dane`, `ciudad`, `departamento_dane`, `updated_at`) VALUES (15224, 'Cucaita', 15, DEFAULT);
INSERT INTO `fonade_db`.`app_ciudad` (`codigo_dane`, `ciudad`, `departamento_dane`, `updated_at`) VALUES (15226, 'Cuítiva', 15, DEFAULT);
INSERT INTO `fonade_db`.`app_ciudad` (`codigo_dane`, `ciudad`, `departamento_dane`, `updated_at`) VALUES (15232, 'Chíquiza', 15, DEFAULT);
INSERT INTO `fonade_db`.`app_ciudad` (`codigo_dane`, `ciudad`, `departamento_dane`, `updated_at`) VALUES (15236, 'Chivor', 15, DEFAULT);
INSERT INTO `fonade_db`.`app_ciudad` (`codigo_dane`, `ciudad`, `departamento_dane`, `updated_at`) VALUES (15238, 'Duitama', 15, DEFAULT);
INSERT INTO `fonade_db`.`app_ciudad` (`codigo_dane`, `ciudad`, `departamento_dane`, `updated_at`) VALUES (15244, 'El Cocuy', 15, DEFAULT);
INSERT INTO `fonade_db`.`app_ciudad` (`codigo_dane`, `ciudad`, `departamento_dane`, `updated_at`) VALUES (15248, 'El Espino', 15, DEFAULT);
INSERT INTO `fonade_db`.`app_ciudad` (`codigo_dane`, `ciudad`, `departamento_dane`, `updated_at`) VALUES (15272, 'Firavitoba', 15, DEFAULT);
INSERT INTO `fonade_db`.`app_ciudad` (`codigo_dane`, `ciudad`, `departamento_dane`, `updated_at`) VALUES (15276, 'Floresta', 15, DEFAULT);
INSERT INTO `fonade_db`.`app_ciudad` (`codigo_dane`, `ciudad`, `departamento_dane`, `updated_at`) VALUES (15293, 'Gachantivá', 15, DEFAULT);
INSERT INTO `fonade_db`.`app_ciudad` (`codigo_dane`, `ciudad`, `departamento_dane`, `updated_at`) VALUES (15296, 'Gameza', 15, DEFAULT);
INSERT INTO `fonade_db`.`app_ciudad` (`codigo_dane`, `ciudad`, `departamento_dane`, `updated_at`) VALUES (15299, 'Garagoa', 15, DEFAULT);
INSERT INTO `fonade_db`.`app_ciudad` (`codigo_dane`, `ciudad`, `departamento_dane`, `updated_at`) VALUES (15317, 'Guacamayas', 15, DEFAULT);
INSERT INTO `fonade_db`.`app_ciudad` (`codigo_dane`, `ciudad`, `departamento_dane`, `updated_at`) VALUES (15322, 'Guateque', 15, DEFAULT);
INSERT INTO `fonade_db`.`app_ciudad` (`codigo_dane`, `ciudad`, `departamento_dane`, `updated_at`) VALUES (15325, 'Guayatá', 15, DEFAULT);
INSERT INTO `fonade_db`.`app_ciudad` (`codigo_dane`, `ciudad`, `departamento_dane`, `updated_at`) VALUES (15332, 'Güicán', 15, DEFAULT);
INSERT INTO `fonade_db`.`app_ciudad` (`codigo_dane`, `ciudad`, `departamento_dane`, `updated_at`) VALUES (15362, 'Iza', 15, DEFAULT);
INSERT INTO `fonade_db`.`app_ciudad` (`codigo_dane`, `ciudad`, `departamento_dane`, `updated_at`) VALUES (15367, 'Jenesano', 15, DEFAULT);
INSERT INTO `fonade_db`.`app_ciudad` (`codigo_dane`, `ciudad`, `departamento_dane`, `updated_at`) VALUES (15368, 'Jericó', 15, DEFAULT);
INSERT INTO `fonade_db`.`app_ciudad` (`codigo_dane`, `ciudad`, `departamento_dane`, `updated_at`) VALUES (15377, 'Labranzagrande', 15, DEFAULT);
INSERT INTO `fonade_db`.`app_ciudad` (`codigo_dane`, `ciudad`, `departamento_dane`, `updated_at`) VALUES (15380, 'La Capilla', 15, DEFAULT);
INSERT INTO `fonade_db`.`app_ciudad` (`codigo_dane`, `ciudad`, `departamento_dane`, `updated_at`) VALUES (15401, 'La Victoria', 15, DEFAULT);
INSERT INTO `fonade_db`.`app_ciudad` (`codigo_dane`, `ciudad`, `departamento_dane`, `updated_at`) VALUES (15403, 'La Uvita', 15, DEFAULT);
INSERT INTO `fonade_db`.`app_ciudad` (`codigo_dane`, `ciudad`, `departamento_dane`, `updated_at`) VALUES (15407, 'Villa de Leyva', 15, DEFAULT);
INSERT INTO `fonade_db`.`app_ciudad` (`codigo_dane`, `ciudad`, `departamento_dane`, `updated_at`) VALUES (15425, 'Macanal', 15, DEFAULT);
INSERT INTO `fonade_db`.`app_ciudad` (`codigo_dane`, `ciudad`, `departamento_dane`, `updated_at`) VALUES (15442, 'Maripí', 15, DEFAULT);
INSERT INTO `fonade_db`.`app_ciudad` (`codigo_dane`, `ciudad`, `departamento_dane`, `updated_at`) VALUES (15455, 'Miraflores', 15, DEFAULT);
INSERT INTO `fonade_db`.`app_ciudad` (`codigo_dane`, `ciudad`, `departamento_dane`, `updated_at`) VALUES (15464, 'Mongua', 15, DEFAULT);
INSERT INTO `fonade_db`.`app_ciudad` (`codigo_dane`, `ciudad`, `departamento_dane`, `updated_at`) VALUES (15466, 'Monguí', 15, DEFAULT);
INSERT INTO `fonade_db`.`app_ciudad` (`codigo_dane`, `ciudad`, `departamento_dane`, `updated_at`) VALUES (15469, 'Moniquirá', 15, DEFAULT);
INSERT INTO `fonade_db`.`app_ciudad` (`codigo_dane`, `ciudad`, `departamento_dane`, `updated_at`) VALUES (15476, 'Motavita', 15, DEFAULT);
INSERT INTO `fonade_db`.`app_ciudad` (`codigo_dane`, `ciudad`, `departamento_dane`, `updated_at`) VALUES (15480, 'Muzo', 15, DEFAULT);
INSERT INTO `fonade_db`.`app_ciudad` (`codigo_dane`, `ciudad`, `departamento_dane`, `updated_at`) VALUES (15491, 'Nobsa', 15, DEFAULT);
INSERT INTO `fonade_db`.`app_ciudad` (`codigo_dane`, `ciudad`, `departamento_dane`, `updated_at`) VALUES (15494, 'Nuevo Colón', 15, DEFAULT);
INSERT INTO `fonade_db`.`app_ciudad` (`codigo_dane`, `ciudad`, `departamento_dane`, `updated_at`) VALUES (15500, 'Oicatá', 15, DEFAULT);
INSERT INTO `fonade_db`.`app_ciudad` (`codigo_dane`, `ciudad`, `departamento_dane`, `updated_at`) VALUES (15507, 'Otanche', 15, DEFAULT);
INSERT INTO `fonade_db`.`app_ciudad` (`codigo_dane`, `ciudad`, `departamento_dane`, `updated_at`) VALUES (15511, 'Pachavita', 15, DEFAULT);
INSERT INTO `fonade_db`.`app_ciudad` (`codigo_dane`, `ciudad`, `departamento_dane`, `updated_at`) VALUES (15514, 'Páez', 15, DEFAULT);
INSERT INTO `fonade_db`.`app_ciudad` (`codigo_dane`, `ciudad`, `departamento_dane`, `updated_at`) VALUES (15516, 'Paipa', 15, DEFAULT);
INSERT INTO `fonade_db`.`app_ciudad` (`codigo_dane`, `ciudad`, `departamento_dane`, `updated_at`) VALUES (15518, 'Pajarito', 15, DEFAULT);
INSERT INTO `fonade_db`.`app_ciudad` (`codigo_dane`, `ciudad`, `departamento_dane`, `updated_at`) VALUES (15522, 'Panqueba', 15, DEFAULT);
INSERT INTO `fonade_db`.`app_ciudad` (`codigo_dane`, `ciudad`, `departamento_dane`, `updated_at`) VALUES (15531, 'Pauna', 15, DEFAULT);
INSERT INTO `fonade_db`.`app_ciudad` (`codigo_dane`, `ciudad`, `departamento_dane`, `updated_at`) VALUES (15533, 'Paya', 15, DEFAULT);
INSERT INTO `fonade_db`.`app_ciudad` (`codigo_dane`, `ciudad`, `departamento_dane`, `updated_at`) VALUES (15537, 'Paz de Río', 15, DEFAULT);
INSERT INTO `fonade_db`.`app_ciudad` (`codigo_dane`, `ciudad`, `departamento_dane`, `updated_at`) VALUES (15542, 'Pesca', 15, DEFAULT);
INSERT INTO `fonade_db`.`app_ciudad` (`codigo_dane`, `ciudad`, `departamento_dane`, `updated_at`) VALUES (15550, 'Pisba', 15, DEFAULT);
INSERT INTO `fonade_db`.`app_ciudad` (`codigo_dane`, `ciudad`, `departamento_dane`, `updated_at`) VALUES (15572, 'Puerto Boyacá', 15, DEFAULT);
INSERT INTO `fonade_db`.`app_ciudad` (`codigo_dane`, `ciudad`, `departamento_dane`, `updated_at`) VALUES (15580, 'Quípama', 15, DEFAULT);
INSERT INTO `fonade_db`.`app_ciudad` (`codigo_dane`, `ciudad`, `departamento_dane`, `updated_at`) VALUES (15599, 'Ramiriquí', 15, DEFAULT);
INSERT INTO `fonade_db`.`app_ciudad` (`codigo_dane`, `ciudad`, `departamento_dane`, `updated_at`) VALUES (15600, 'Ráquira', 15, DEFAULT);
INSERT INTO `fonade_db`.`app_ciudad` (`codigo_dane`, `ciudad`, `departamento_dane`, `updated_at`) VALUES (15621, 'Rondón', 15, DEFAULT);
INSERT INTO `fonade_db`.`app_ciudad` (`codigo_dane`, `ciudad`, `departamento_dane`, `updated_at`) VALUES (15632, 'Saboyá', 15, DEFAULT);
INSERT INTO `fonade_db`.`app_ciudad` (`codigo_dane`, `ciudad`, `departamento_dane`, `updated_at`) VALUES (15638, 'Sáchica', 15, DEFAULT);
INSERT INTO `fonade_db`.`app_ciudad` (`codigo_dane`, `ciudad`, `departamento_dane`, `updated_at`) VALUES (15646, 'Samacá', 15, DEFAULT);
INSERT INTO `fonade_db`.`app_ciudad` (`codigo_dane`, `ciudad`, `departamento_dane`, `updated_at`) VALUES (15660, 'San Eduardo', 15, DEFAULT);
INSERT INTO `fonade_db`.`app_ciudad` (`codigo_dane`, `ciudad`, `departamento_dane`, `updated_at`) VALUES (15664, 'San José de Pare', 15, DEFAULT);
INSERT INTO `fonade_db`.`app_ciudad` (`codigo_dane`, `ciudad`, `departamento_dane`, `updated_at`) VALUES (15667, 'San Luis de Gaceno', 15, DEFAULT);
INSERT INTO `fonade_db`.`app_ciudad` (`codigo_dane`, `ciudad`, `departamento_dane`, `updated_at`) VALUES (15673, 'San Mateo', 15, DEFAULT);
INSERT INTO `fonade_db`.`app_ciudad` (`codigo_dane`, `ciudad`, `departamento_dane`, `updated_at`) VALUES (15676, 'San Miguel de Sema', 15, DEFAULT);
INSERT INTO `fonade_db`.`app_ciudad` (`codigo_dane`, `ciudad`, `departamento_dane`, `updated_at`) VALUES (15681, 'San Pablo de Borbur', 15, DEFAULT);
INSERT INTO `fonade_db`.`app_ciudad` (`codigo_dane`, `ciudad`, `departamento_dane`, `updated_at`) VALUES (15686, 'Santana', 15, DEFAULT);
INSERT INTO `fonade_db`.`app_ciudad` (`codigo_dane`, `ciudad`, `departamento_dane`, `updated_at`) VALUES (15690, 'Santa María', 15, DEFAULT);
INSERT INTO `fonade_db`.`app_ciudad` (`codigo_dane`, `ciudad`, `departamento_dane`, `updated_at`) VALUES (15693, 'Santa Rosa de Viterbo', 15, DEFAULT);
INSERT INTO `fonade_db`.`app_ciudad` (`codigo_dane`, `ciudad`, `departamento_dane`, `updated_at`) VALUES (15696, 'Santa Sofía', 15, DEFAULT);
INSERT INTO `fonade_db`.`app_ciudad` (`codigo_dane`, `ciudad`, `departamento_dane`, `updated_at`) VALUES (15720, 'Sativanorte', 15, DEFAULT);
INSERT INTO `fonade_db`.`app_ciudad` (`codigo_dane`, `ciudad`, `departamento_dane`, `updated_at`) VALUES (15723, 'Sativasur', 15, DEFAULT);
INSERT INTO `fonade_db`.`app_ciudad` (`codigo_dane`, `ciudad`, `departamento_dane`, `updated_at`) VALUES (15740, 'Siachoque', 15, DEFAULT);
INSERT INTO `fonade_db`.`app_ciudad` (`codigo_dane`, `ciudad`, `departamento_dane`, `updated_at`) VALUES (15753, 'Soatá', 15, DEFAULT);
INSERT INTO `fonade_db`.`app_ciudad` (`codigo_dane`, `ciudad`, `departamento_dane`, `updated_at`) VALUES (15755, 'Socotá', 15, DEFAULT);
INSERT INTO `fonade_db`.`app_ciudad` (`codigo_dane`, `ciudad`, `departamento_dane`, `updated_at`) VALUES (15757, 'Socha', 15, DEFAULT);
INSERT INTO `fonade_db`.`app_ciudad` (`codigo_dane`, `ciudad`, `departamento_dane`, `updated_at`) VALUES (15759, 'Sogamoso', 15, DEFAULT);
INSERT INTO `fonade_db`.`app_ciudad` (`codigo_dane`, `ciudad`, `departamento_dane`, `updated_at`) VALUES (15761, 'Somondoco', 15, DEFAULT);
INSERT INTO `fonade_db`.`app_ciudad` (`codigo_dane`, `ciudad`, `departamento_dane`, `updated_at`) VALUES (15762, 'Sora', 15, DEFAULT);
INSERT INTO `fonade_db`.`app_ciudad` (`codigo_dane`, `ciudad`, `departamento_dane`, `updated_at`) VALUES (15763, 'Sotaquirá', 15, DEFAULT);
INSERT INTO `fonade_db`.`app_ciudad` (`codigo_dane`, `ciudad`, `departamento_dane`, `updated_at`) VALUES (15764, 'Soracá', 15, DEFAULT);
INSERT INTO `fonade_db`.`app_ciudad` (`codigo_dane`, `ciudad`, `departamento_dane`, `updated_at`) VALUES (15774, 'Susacón', 15, DEFAULT);
INSERT INTO `fonade_db`.`app_ciudad` (`codigo_dane`, `ciudad`, `departamento_dane`, `updated_at`) VALUES (15776, 'Sutamarchán', 15, DEFAULT);
INSERT INTO `fonade_db`.`app_ciudad` (`codigo_dane`, `ciudad`, `departamento_dane`, `updated_at`) VALUES (15778, 'Sutatenza', 15, DEFAULT);
INSERT INTO `fonade_db`.`app_ciudad` (`codigo_dane`, `ciudad`, `departamento_dane`, `updated_at`) VALUES (15790, 'Tasco', 15, DEFAULT);
INSERT INTO `fonade_db`.`app_ciudad` (`codigo_dane`, `ciudad`, `departamento_dane`, `updated_at`) VALUES (15798, 'Tenza', 15, DEFAULT);
INSERT INTO `fonade_db`.`app_ciudad` (`codigo_dane`, `ciudad`, `departamento_dane`, `updated_at`) VALUES (15804, 'Tibaná', 15, DEFAULT);
INSERT INTO `fonade_db`.`app_ciudad` (`codigo_dane`, `ciudad`, `departamento_dane`, `updated_at`) VALUES (15806, 'Tibasosa', 15, DEFAULT);
INSERT INTO `fonade_db`.`app_ciudad` (`codigo_dane`, `ciudad`, `departamento_dane`, `updated_at`) VALUES (15808, 'Tinjacá', 15, DEFAULT);
INSERT INTO `fonade_db`.`app_ciudad` (`codigo_dane`, `ciudad`, `departamento_dane`, `updated_at`) VALUES (15810, 'Tipacoque', 15, DEFAULT);
INSERT INTO `fonade_db`.`app_ciudad` (`codigo_dane`, `ciudad`, `departamento_dane`, `updated_at`) VALUES (15814, 'Toca', 15, DEFAULT);
INSERT INTO `fonade_db`.`app_ciudad` (`codigo_dane`, `ciudad`, `departamento_dane`, `updated_at`) VALUES (15816, 'Togüí', 15, DEFAULT);
INSERT INTO `fonade_db`.`app_ciudad` (`codigo_dane`, `ciudad`, `departamento_dane`, `updated_at`) VALUES (15820, 'Tópaga', 15, DEFAULT);
INSERT INTO `fonade_db`.`app_ciudad` (`codigo_dane`, `ciudad`, `departamento_dane`, `updated_at`) VALUES (15822, 'Tota', 15, DEFAULT);
INSERT INTO `fonade_db`.`app_ciudad` (`codigo_dane`, `ciudad`, `departamento_dane`, `updated_at`) VALUES (15832, 'Tununguá', 15, DEFAULT);
INSERT INTO `fonade_db`.`app_ciudad` (`codigo_dane`, `ciudad`, `departamento_dane`, `updated_at`) VALUES (15835, 'Turmequé', 15, DEFAULT);
INSERT INTO `fonade_db`.`app_ciudad` (`codigo_dane`, `ciudad`, `departamento_dane`, `updated_at`) VALUES (15837, 'Tuta', 15, DEFAULT);
INSERT INTO `fonade_db`.`app_ciudad` (`codigo_dane`, `ciudad`, `departamento_dane`, `updated_at`) VALUES (15839, 'Tutazá', 15, DEFAULT);
INSERT INTO `fonade_db`.`app_ciudad` (`codigo_dane`, `ciudad`, `departamento_dane`, `updated_at`) VALUES (15842, 'Umbita', 15, DEFAULT);
INSERT INTO `fonade_db`.`app_ciudad` (`codigo_dane`, `ciudad`, `departamento_dane`, `updated_at`) VALUES (15861, 'Ventaquemada', 15, DEFAULT);
INSERT INTO `fonade_db`.`app_ciudad` (`codigo_dane`, `ciudad`, `departamento_dane`, `updated_at`) VALUES (15879, 'Viracachá', 15, DEFAULT);
INSERT INTO `fonade_db`.`app_ciudad` (`codigo_dane`, `ciudad`, `departamento_dane`, `updated_at`) VALUES (15897, 'Zetaquira', 15, DEFAULT);
INSERT INTO `fonade_db`.`app_ciudad` (`codigo_dane`, `ciudad`, `departamento_dane`, `updated_at`) VALUES (17001, 'Manizales', 17, DEFAULT);
INSERT INTO `fonade_db`.`app_ciudad` (`codigo_dane`, `ciudad`, `departamento_dane`, `updated_at`) VALUES (17013, 'Aguadas', 17, DEFAULT);
INSERT INTO `fonade_db`.`app_ciudad` (`codigo_dane`, `ciudad`, `departamento_dane`, `updated_at`) VALUES (17042, 'Anserma', 17, DEFAULT);
INSERT INTO `fonade_db`.`app_ciudad` (`codigo_dane`, `ciudad`, `departamento_dane`, `updated_at`) VALUES (17050, 'Aranzazu', 17, DEFAULT);
INSERT INTO `fonade_db`.`app_ciudad` (`codigo_dane`, `ciudad`, `departamento_dane`, `updated_at`) VALUES (17088, 'Belalcázar', 17, DEFAULT);
INSERT INTO `fonade_db`.`app_ciudad` (`codigo_dane`, `ciudad`, `departamento_dane`, `updated_at`) VALUES (17174, 'Chinchiná', 17, DEFAULT);
INSERT INTO `fonade_db`.`app_ciudad` (`codigo_dane`, `ciudad`, `departamento_dane`, `updated_at`) VALUES (17272, 'Filadelfia', 17, DEFAULT);
INSERT INTO `fonade_db`.`app_ciudad` (`codigo_dane`, `ciudad`, `departamento_dane`, `updated_at`) VALUES (17380, 'La Dorada', 17, DEFAULT);
INSERT INTO `fonade_db`.`app_ciudad` (`codigo_dane`, `ciudad`, `departamento_dane`, `updated_at`) VALUES (17388, 'La Merced', 17, DEFAULT);
INSERT INTO `fonade_db`.`app_ciudad` (`codigo_dane`, `ciudad`, `departamento_dane`, `updated_at`) VALUES (17433, 'Manzanares', 17, DEFAULT);
INSERT INTO `fonade_db`.`app_ciudad` (`codigo_dane`, `ciudad`, `departamento_dane`, `updated_at`) VALUES (17442, 'Marmato', 17, DEFAULT);
INSERT INTO `fonade_db`.`app_ciudad` (`codigo_dane`, `ciudad`, `departamento_dane`, `updated_at`) VALUES (17444, 'Marquetalia', 17, DEFAULT);
INSERT INTO `fonade_db`.`app_ciudad` (`codigo_dane`, `ciudad`, `departamento_dane`, `updated_at`) VALUES (17446, 'Marulanda', 17, DEFAULT);
INSERT INTO `fonade_db`.`app_ciudad` (`codigo_dane`, `ciudad`, `departamento_dane`, `updated_at`) VALUES (17486, 'Neira', 17, DEFAULT);
INSERT INTO `fonade_db`.`app_ciudad` (`codigo_dane`, `ciudad`, `departamento_dane`, `updated_at`) VALUES (17495, 'Norcasia', 17, DEFAULT);
INSERT INTO `fonade_db`.`app_ciudad` (`codigo_dane`, `ciudad`, `departamento_dane`, `updated_at`) VALUES (17513, 'Pácora', 17, DEFAULT);
INSERT INTO `fonade_db`.`app_ciudad` (`codigo_dane`, `ciudad`, `departamento_dane`, `updated_at`) VALUES (17524, 'Palestina', 17, DEFAULT);
INSERT INTO `fonade_db`.`app_ciudad` (`codigo_dane`, `ciudad`, `departamento_dane`, `updated_at`) VALUES (17541, 'Pensilvania', 17, DEFAULT);
INSERT INTO `fonade_db`.`app_ciudad` (`codigo_dane`, `ciudad`, `departamento_dane`, `updated_at`) VALUES (17614, 'Riosucio', 17, DEFAULT);
INSERT INTO `fonade_db`.`app_ciudad` (`codigo_dane`, `ciudad`, `departamento_dane`, `updated_at`) VALUES (17616, 'Risaralda', 17, DEFAULT);
INSERT INTO `fonade_db`.`app_ciudad` (`codigo_dane`, `ciudad`, `departamento_dane`, `updated_at`) VALUES (17653, 'Salamina', 17, DEFAULT);
INSERT INTO `fonade_db`.`app_ciudad` (`codigo_dane`, `ciudad`, `departamento_dane`, `updated_at`) VALUES (17662, 'Samaná', 17, DEFAULT);
INSERT INTO `fonade_db`.`app_ciudad` (`codigo_dane`, `ciudad`, `departamento_dane`, `updated_at`) VALUES (17665, 'San José', 17, DEFAULT);
INSERT INTO `fonade_db`.`app_ciudad` (`codigo_dane`, `ciudad`, `departamento_dane`, `updated_at`) VALUES (17777, 'Supía', 17, DEFAULT);
INSERT INTO `fonade_db`.`app_ciudad` (`codigo_dane`, `ciudad`, `departamento_dane`, `updated_at`) VALUES (17867, 'Victoria', 17, DEFAULT);
INSERT INTO `fonade_db`.`app_ciudad` (`codigo_dane`, `ciudad`, `departamento_dane`, `updated_at`) VALUES (17873, 'Villamaría', 17, DEFAULT);
INSERT INTO `fonade_db`.`app_ciudad` (`codigo_dane`, `ciudad`, `departamento_dane`, `updated_at`) VALUES (17877, 'Viterbo', 17, DEFAULT);
INSERT INTO `fonade_db`.`app_ciudad` (`codigo_dane`, `ciudad`, `departamento_dane`, `updated_at`) VALUES (18001, 'Florencia', 18, DEFAULT);
INSERT INTO `fonade_db`.`app_ciudad` (`codigo_dane`, `ciudad`, `departamento_dane`, `updated_at`) VALUES (18029, 'Albania', 18, DEFAULT);
INSERT INTO `fonade_db`.`app_ciudad` (`codigo_dane`, `ciudad`, `departamento_dane`, `updated_at`) VALUES (18094, 'Belén de Los Andaquies', 18, DEFAULT);
INSERT INTO `fonade_db`.`app_ciudad` (`codigo_dane`, `ciudad`, `departamento_dane`, `updated_at`) VALUES (18150, 'Cartagena del Chairá', 18, DEFAULT);
INSERT INTO `fonade_db`.`app_ciudad` (`codigo_dane`, `ciudad`, `departamento_dane`, `updated_at`) VALUES (18205, 'Curillo', 18, DEFAULT);
INSERT INTO `fonade_db`.`app_ciudad` (`codigo_dane`, `ciudad`, `departamento_dane`, `updated_at`) VALUES (18247, 'El Doncello', 18, DEFAULT);
INSERT INTO `fonade_db`.`app_ciudad` (`codigo_dane`, `ciudad`, `departamento_dane`, `updated_at`) VALUES (18256, 'El Paujil', 18, DEFAULT);
INSERT INTO `fonade_db`.`app_ciudad` (`codigo_dane`, `ciudad`, `departamento_dane`, `updated_at`) VALUES (18410, 'La Montañita', 18, DEFAULT);
INSERT INTO `fonade_db`.`app_ciudad` (`codigo_dane`, `ciudad`, `departamento_dane`, `updated_at`) VALUES (18460, 'Milán', 18, DEFAULT);
INSERT INTO `fonade_db`.`app_ciudad` (`codigo_dane`, `ciudad`, `departamento_dane`, `updated_at`) VALUES (18479, 'Morelia', 18, DEFAULT);
INSERT INTO `fonade_db`.`app_ciudad` (`codigo_dane`, `ciudad`, `departamento_dane`, `updated_at`) VALUES (18592, 'Puerto Rico', 18, DEFAULT);
INSERT INTO `fonade_db`.`app_ciudad` (`codigo_dane`, `ciudad`, `departamento_dane`, `updated_at`) VALUES (18610, 'San José del Fragua', 18, DEFAULT);
INSERT INTO `fonade_db`.`app_ciudad` (`codigo_dane`, `ciudad`, `departamento_dane`, `updated_at`) VALUES (18753, 'San Vicente del Caguán', 18, DEFAULT);
INSERT INTO `fonade_db`.`app_ciudad` (`codigo_dane`, `ciudad`, `departamento_dane`, `updated_at`) VALUES (18756, 'Solano', 18, DEFAULT);
INSERT INTO `fonade_db`.`app_ciudad` (`codigo_dane`, `ciudad`, `departamento_dane`, `updated_at`) VALUES (18785, 'Solita', 18, DEFAULT);
INSERT INTO `fonade_db`.`app_ciudad` (`codigo_dane`, `ciudad`, `departamento_dane`, `updated_at`) VALUES (18860, 'Valparaíso', 18, DEFAULT);
INSERT INTO `fonade_db`.`app_ciudad` (`codigo_dane`, `ciudad`, `departamento_dane`, `updated_at`) VALUES (19001, 'Popayán', 19, DEFAULT);
INSERT INTO `fonade_db`.`app_ciudad` (`codigo_dane`, `ciudad`, `departamento_dane`, `updated_at`) VALUES (19022, 'Almaguer', 19, DEFAULT);
INSERT INTO `fonade_db`.`app_ciudad` (`codigo_dane`, `ciudad`, `departamento_dane`, `updated_at`) VALUES (19050, 'Argelia', 19, DEFAULT);
INSERT INTO `fonade_db`.`app_ciudad` (`codigo_dane`, `ciudad`, `departamento_dane`, `updated_at`) VALUES (19075, 'Balboa', 19, DEFAULT);
INSERT INTO `fonade_db`.`app_ciudad` (`codigo_dane`, `ciudad`, `departamento_dane`, `updated_at`) VALUES (19100, 'Bolívar', 19, DEFAULT);
INSERT INTO `fonade_db`.`app_ciudad` (`codigo_dane`, `ciudad`, `departamento_dane`, `updated_at`) VALUES (19110, 'Buenos Aires', 19, DEFAULT);
INSERT INTO `fonade_db`.`app_ciudad` (`codigo_dane`, `ciudad`, `departamento_dane`, `updated_at`) VALUES (19130, 'Cajibío', 19, DEFAULT);
INSERT INTO `fonade_db`.`app_ciudad` (`codigo_dane`, `ciudad`, `departamento_dane`, `updated_at`) VALUES (19137, 'Caldono', 19, DEFAULT);
INSERT INTO `fonade_db`.`app_ciudad` (`codigo_dane`, `ciudad`, `departamento_dane`, `updated_at`) VALUES (19142, 'Caloto', 19, DEFAULT);
INSERT INTO `fonade_db`.`app_ciudad` (`codigo_dane`, `ciudad`, `departamento_dane`, `updated_at`) VALUES (19212, 'Corinto', 19, DEFAULT);
INSERT INTO `fonade_db`.`app_ciudad` (`codigo_dane`, `ciudad`, `departamento_dane`, `updated_at`) VALUES (19256, 'El Tambo', 19, DEFAULT);
INSERT INTO `fonade_db`.`app_ciudad` (`codigo_dane`, `ciudad`, `departamento_dane`, `updated_at`) VALUES (19290, 'Florencia', 19, DEFAULT);
INSERT INTO `fonade_db`.`app_ciudad` (`codigo_dane`, `ciudad`, `departamento_dane`, `updated_at`) VALUES (19300, 'Guachené', 19, DEFAULT);
INSERT INTO `fonade_db`.`app_ciudad` (`codigo_dane`, `ciudad`, `departamento_dane`, `updated_at`) VALUES (19318, 'Guapi', 19, DEFAULT);
INSERT INTO `fonade_db`.`app_ciudad` (`codigo_dane`, `ciudad`, `departamento_dane`, `updated_at`) VALUES (19355, 'Inzá', 19, DEFAULT);
INSERT INTO `fonade_db`.`app_ciudad` (`codigo_dane`, `ciudad`, `departamento_dane`, `updated_at`) VALUES (19364, 'Jambaló', 19, DEFAULT);
INSERT INTO `fonade_db`.`app_ciudad` (`codigo_dane`, `ciudad`, `departamento_dane`, `updated_at`) VALUES (19392, 'La Sierra', 19, DEFAULT);
INSERT INTO `fonade_db`.`app_ciudad` (`codigo_dane`, `ciudad`, `departamento_dane`, `updated_at`) VALUES (19397, 'La Vega', 19, DEFAULT);
INSERT INTO `fonade_db`.`app_ciudad` (`codigo_dane`, `ciudad`, `departamento_dane`, `updated_at`) VALUES (19418, 'López', 19, DEFAULT);
INSERT INTO `fonade_db`.`app_ciudad` (`codigo_dane`, `ciudad`, `departamento_dane`, `updated_at`) VALUES (19450, 'Mercaderes', 19, DEFAULT);
INSERT INTO `fonade_db`.`app_ciudad` (`codigo_dane`, `ciudad`, `departamento_dane`, `updated_at`) VALUES (19455, 'Miranda', 19, DEFAULT);
INSERT INTO `fonade_db`.`app_ciudad` (`codigo_dane`, `ciudad`, `departamento_dane`, `updated_at`) VALUES (19473, 'Morales', 19, DEFAULT);
INSERT INTO `fonade_db`.`app_ciudad` (`codigo_dane`, `ciudad`, `departamento_dane`, `updated_at`) VALUES (19513, 'Padilla', 19, DEFAULT);
INSERT INTO `fonade_db`.`app_ciudad` (`codigo_dane`, `ciudad`, `departamento_dane`, `updated_at`) VALUES (19517, 'Páez', 19, DEFAULT);
INSERT INTO `fonade_db`.`app_ciudad` (`codigo_dane`, `ciudad`, `departamento_dane`, `updated_at`) VALUES (19532, 'Patía', 19, DEFAULT);
INSERT INTO `fonade_db`.`app_ciudad` (`codigo_dane`, `ciudad`, `departamento_dane`, `updated_at`) VALUES (19533, 'Piamonte', 19, DEFAULT);
INSERT INTO `fonade_db`.`app_ciudad` (`codigo_dane`, `ciudad`, `departamento_dane`, `updated_at`) VALUES (19548, 'Piendamó', 19, DEFAULT);
INSERT INTO `fonade_db`.`app_ciudad` (`codigo_dane`, `ciudad`, `departamento_dane`, `updated_at`) VALUES (19573, 'Puerto Tejada', 19, DEFAULT);
INSERT INTO `fonade_db`.`app_ciudad` (`codigo_dane`, `ciudad`, `departamento_dane`, `updated_at`) VALUES (19585, 'Puracé', 19, DEFAULT);
INSERT INTO `fonade_db`.`app_ciudad` (`codigo_dane`, `ciudad`, `departamento_dane`, `updated_at`) VALUES (19622, 'Rosas', 19, DEFAULT);
INSERT INTO `fonade_db`.`app_ciudad` (`codigo_dane`, `ciudad`, `departamento_dane`, `updated_at`) VALUES (19693, 'San Sebastián', 19, DEFAULT);
INSERT INTO `fonade_db`.`app_ciudad` (`codigo_dane`, `ciudad`, `departamento_dane`, `updated_at`) VALUES (19698, 'Santander de Quilichao', 19, DEFAULT);
INSERT INTO `fonade_db`.`app_ciudad` (`codigo_dane`, `ciudad`, `departamento_dane`, `updated_at`) VALUES (19701, 'Santa Rosa', 19, DEFAULT);
INSERT INTO `fonade_db`.`app_ciudad` (`codigo_dane`, `ciudad`, `departamento_dane`, `updated_at`) VALUES (19743, 'Silvia', 19, DEFAULT);
INSERT INTO `fonade_db`.`app_ciudad` (`codigo_dane`, `ciudad`, `departamento_dane`, `updated_at`) VALUES (19760, 'Sotara', 19, DEFAULT);
INSERT INTO `fonade_db`.`app_ciudad` (`codigo_dane`, `ciudad`, `departamento_dane`, `updated_at`) VALUES (19780, 'Suárez', 19, DEFAULT);
INSERT INTO `fonade_db`.`app_ciudad` (`codigo_dane`, `ciudad`, `departamento_dane`, `updated_at`) VALUES (19785, 'Sucre', 19, DEFAULT);
INSERT INTO `fonade_db`.`app_ciudad` (`codigo_dane`, `ciudad`, `departamento_dane`, `updated_at`) VALUES (19807, 'Timbío', 19, DEFAULT);
INSERT INTO `fonade_db`.`app_ciudad` (`codigo_dane`, `ciudad`, `departamento_dane`, `updated_at`) VALUES (19809, 'Timbiquí', 19, DEFAULT);
INSERT INTO `fonade_db`.`app_ciudad` (`codigo_dane`, `ciudad`, `departamento_dane`, `updated_at`) VALUES (19821, 'Toribio', 19, DEFAULT);
INSERT INTO `fonade_db`.`app_ciudad` (`codigo_dane`, `ciudad`, `departamento_dane`, `updated_at`) VALUES (19824, 'Totoró', 19, DEFAULT);
INSERT INTO `fonade_db`.`app_ciudad` (`codigo_dane`, `ciudad`, `departamento_dane`, `updated_at`) VALUES (19845, 'Villa Rica', 19, DEFAULT);
INSERT INTO `fonade_db`.`app_ciudad` (`codigo_dane`, `ciudad`, `departamento_dane`, `updated_at`) VALUES (20001, 'Valledupar', 20, DEFAULT);
INSERT INTO `fonade_db`.`app_ciudad` (`codigo_dane`, `ciudad`, `departamento_dane`, `updated_at`) VALUES (20011, 'Aguachica', 20, DEFAULT);
INSERT INTO `fonade_db`.`app_ciudad` (`codigo_dane`, `ciudad`, `departamento_dane`, `updated_at`) VALUES (20013, 'Agustín Codazzi', 20, DEFAULT);
INSERT INTO `fonade_db`.`app_ciudad` (`codigo_dane`, `ciudad`, `departamento_dane`, `updated_at`) VALUES (20032, 'Astrea', 20, DEFAULT);
INSERT INTO `fonade_db`.`app_ciudad` (`codigo_dane`, `ciudad`, `departamento_dane`, `updated_at`) VALUES (20045, 'Becerril', 20, DEFAULT);
INSERT INTO `fonade_db`.`app_ciudad` (`codigo_dane`, `ciudad`, `departamento_dane`, `updated_at`) VALUES (20060, 'Bosconia', 20, DEFAULT);
INSERT INTO `fonade_db`.`app_ciudad` (`codigo_dane`, `ciudad`, `departamento_dane`, `updated_at`) VALUES (20175, 'Chimichagua', 20, DEFAULT);
INSERT INTO `fonade_db`.`app_ciudad` (`codigo_dane`, `ciudad`, `departamento_dane`, `updated_at`) VALUES (20178, 'Chiriguaná', 20, DEFAULT);
INSERT INTO `fonade_db`.`app_ciudad` (`codigo_dane`, `ciudad`, `departamento_dane`, `updated_at`) VALUES (20228, 'Curumaní', 20, DEFAULT);
INSERT INTO `fonade_db`.`app_ciudad` (`codigo_dane`, `ciudad`, `departamento_dane`, `updated_at`) VALUES (20238, 'El Copey', 20, DEFAULT);
INSERT INTO `fonade_db`.`app_ciudad` (`codigo_dane`, `ciudad`, `departamento_dane`, `updated_at`) VALUES (20250, 'El Paso', 20, DEFAULT);
INSERT INTO `fonade_db`.`app_ciudad` (`codigo_dane`, `ciudad`, `departamento_dane`, `updated_at`) VALUES (20295, 'Gamarra', 20, DEFAULT);
INSERT INTO `fonade_db`.`app_ciudad` (`codigo_dane`, `ciudad`, `departamento_dane`, `updated_at`) VALUES (20310, 'González', 20, DEFAULT);
INSERT INTO `fonade_db`.`app_ciudad` (`codigo_dane`, `ciudad`, `departamento_dane`, `updated_at`) VALUES (20383, 'La Gloria', 20, DEFAULT);
INSERT INTO `fonade_db`.`app_ciudad` (`codigo_dane`, `ciudad`, `departamento_dane`, `updated_at`) VALUES (20400, 'La Jagua de Ibirico', 20, DEFAULT);
INSERT INTO `fonade_db`.`app_ciudad` (`codigo_dane`, `ciudad`, `departamento_dane`, `updated_at`) VALUES (20443, 'Manaure', 20, DEFAULT);
INSERT INTO `fonade_db`.`app_ciudad` (`codigo_dane`, `ciudad`, `departamento_dane`, `updated_at`) VALUES (20517, 'Pailitas', 20, DEFAULT);
INSERT INTO `fonade_db`.`app_ciudad` (`codigo_dane`, `ciudad`, `departamento_dane`, `updated_at`) VALUES (20550, 'Pelaya', 20, DEFAULT);
INSERT INTO `fonade_db`.`app_ciudad` (`codigo_dane`, `ciudad`, `departamento_dane`, `updated_at`) VALUES (20570, 'Pueblo Bello', 20, DEFAULT);
INSERT INTO `fonade_db`.`app_ciudad` (`codigo_dane`, `ciudad`, `departamento_dane`, `updated_at`) VALUES (20614, 'Río de Oro', 20, DEFAULT);
INSERT INTO `fonade_db`.`app_ciudad` (`codigo_dane`, `ciudad`, `departamento_dane`, `updated_at`) VALUES (20621, 'La Paz', 20, DEFAULT);
INSERT INTO `fonade_db`.`app_ciudad` (`codigo_dane`, `ciudad`, `departamento_dane`, `updated_at`) VALUES (20710, 'San Alberto', 20, DEFAULT);
INSERT INTO `fonade_db`.`app_ciudad` (`codigo_dane`, `ciudad`, `departamento_dane`, `updated_at`) VALUES (20750, 'San Diego', 20, DEFAULT);
INSERT INTO `fonade_db`.`app_ciudad` (`codigo_dane`, `ciudad`, `departamento_dane`, `updated_at`) VALUES (20770, 'San Martín', 20, DEFAULT);
INSERT INTO `fonade_db`.`app_ciudad` (`codigo_dane`, `ciudad`, `departamento_dane`, `updated_at`) VALUES (20787, 'Tamalameque', 20, DEFAULT);
INSERT INTO `fonade_db`.`app_ciudad` (`codigo_dane`, `ciudad`, `departamento_dane`, `updated_at`) VALUES (23001, 'Montería', 23, DEFAULT);
INSERT INTO `fonade_db`.`app_ciudad` (`codigo_dane`, `ciudad`, `departamento_dane`, `updated_at`) VALUES (23068, 'Ayapel', 23, DEFAULT);
INSERT INTO `fonade_db`.`app_ciudad` (`codigo_dane`, `ciudad`, `departamento_dane`, `updated_at`) VALUES (23079, 'Buenavista', 23, DEFAULT);
INSERT INTO `fonade_db`.`app_ciudad` (`codigo_dane`, `ciudad`, `departamento_dane`, `updated_at`) VALUES (23090, 'Canalete', 23, DEFAULT);
INSERT INTO `fonade_db`.`app_ciudad` (`codigo_dane`, `ciudad`, `departamento_dane`, `updated_at`) VALUES (23162, 'Cereté', 23, DEFAULT);
INSERT INTO `fonade_db`.`app_ciudad` (`codigo_dane`, `ciudad`, `departamento_dane`, `updated_at`) VALUES (23168, 'Chimá', 23, DEFAULT);
INSERT INTO `fonade_db`.`app_ciudad` (`codigo_dane`, `ciudad`, `departamento_dane`, `updated_at`) VALUES (23182, 'Chinú', 23, DEFAULT);
INSERT INTO `fonade_db`.`app_ciudad` (`codigo_dane`, `ciudad`, `departamento_dane`, `updated_at`) VALUES (23189, 'Ciénaga de Oro', 23, DEFAULT);
INSERT INTO `fonade_db`.`app_ciudad` (`codigo_dane`, `ciudad`, `departamento_dane`, `updated_at`) VALUES (23300, 'Cotorra', 23, DEFAULT);
INSERT INTO `fonade_db`.`app_ciudad` (`codigo_dane`, `ciudad`, `departamento_dane`, `updated_at`) VALUES (23350, 'La Apartada', 23, DEFAULT);
INSERT INTO `fonade_db`.`app_ciudad` (`codigo_dane`, `ciudad`, `departamento_dane`, `updated_at`) VALUES (23417, 'Lorica', 23, DEFAULT);
INSERT INTO `fonade_db`.`app_ciudad` (`codigo_dane`, `ciudad`, `departamento_dane`, `updated_at`) VALUES (23419, 'Los Córdobas', 23, DEFAULT);
INSERT INTO `fonade_db`.`app_ciudad` (`codigo_dane`, `ciudad`, `departamento_dane`, `updated_at`) VALUES (23464, 'Momil', 23, DEFAULT);
INSERT INTO `fonade_db`.`app_ciudad` (`codigo_dane`, `ciudad`, `departamento_dane`, `updated_at`) VALUES (23466, 'Montelíbano', 23, DEFAULT);
INSERT INTO `fonade_db`.`app_ciudad` (`codigo_dane`, `ciudad`, `departamento_dane`, `updated_at`) VALUES (23500, 'Moñitos', 23, DEFAULT);
INSERT INTO `fonade_db`.`app_ciudad` (`codigo_dane`, `ciudad`, `departamento_dane`, `updated_at`) VALUES (23555, 'Planeta Rica', 23, DEFAULT);
INSERT INTO `fonade_db`.`app_ciudad` (`codigo_dane`, `ciudad`, `departamento_dane`, `updated_at`) VALUES (23570, 'Pueblo Nuevo', 23, DEFAULT);
INSERT INTO `fonade_db`.`app_ciudad` (`codigo_dane`, `ciudad`, `departamento_dane`, `updated_at`) VALUES (23574, 'Puerto Escondido', 23, DEFAULT);
INSERT INTO `fonade_db`.`app_ciudad` (`codigo_dane`, `ciudad`, `departamento_dane`, `updated_at`) VALUES (23580, 'Puerto Libertador', 23, DEFAULT);
INSERT INTO `fonade_db`.`app_ciudad` (`codigo_dane`, `ciudad`, `departamento_dane`, `updated_at`) VALUES (23586, 'Purísima', 23, DEFAULT);
INSERT INTO `fonade_db`.`app_ciudad` (`codigo_dane`, `ciudad`, `departamento_dane`, `updated_at`) VALUES (23660, 'Sahagún', 23, DEFAULT);
INSERT INTO `fonade_db`.`app_ciudad` (`codigo_dane`, `ciudad`, `departamento_dane`, `updated_at`) VALUES (23670, 'San Andrés Sotavento', 23, DEFAULT);
INSERT INTO `fonade_db`.`app_ciudad` (`codigo_dane`, `ciudad`, `departamento_dane`, `updated_at`) VALUES (23672, 'San Antero', 23, DEFAULT);
INSERT INTO `fonade_db`.`app_ciudad` (`codigo_dane`, `ciudad`, `departamento_dane`, `updated_at`) VALUES (23675, 'San Bernardo del Viento', 23, DEFAULT);
INSERT INTO `fonade_db`.`app_ciudad` (`codigo_dane`, `ciudad`, `departamento_dane`, `updated_at`) VALUES (23678, 'San Carlos', 23, DEFAULT);
INSERT INTO `fonade_db`.`app_ciudad` (`codigo_dane`, `ciudad`, `departamento_dane`, `updated_at`) VALUES (23682, 'San José de Uré', 23, DEFAULT);
INSERT INTO `fonade_db`.`app_ciudad` (`codigo_dane`, `ciudad`, `departamento_dane`, `updated_at`) VALUES (23686, 'San Pelayo', 23, DEFAULT);
INSERT INTO `fonade_db`.`app_ciudad` (`codigo_dane`, `ciudad`, `departamento_dane`, `updated_at`) VALUES (23807, 'Tierralta', 23, DEFAULT);
INSERT INTO `fonade_db`.`app_ciudad` (`codigo_dane`, `ciudad`, `departamento_dane`, `updated_at`) VALUES (23815, 'Tuchín', 23, DEFAULT);
INSERT INTO `fonade_db`.`app_ciudad` (`codigo_dane`, `ciudad`, `departamento_dane`, `updated_at`) VALUES (23855, 'Valencia', 23, DEFAULT);
INSERT INTO `fonade_db`.`app_ciudad` (`codigo_dane`, `ciudad`, `departamento_dane`, `updated_at`) VALUES (25001, 'Agua de Dios', 25, DEFAULT);
INSERT INTO `fonade_db`.`app_ciudad` (`codigo_dane`, `ciudad`, `departamento_dane`, `updated_at`) VALUES (25019, 'Albán', 25, DEFAULT);
INSERT INTO `fonade_db`.`app_ciudad` (`codigo_dane`, `ciudad`, `departamento_dane`, `updated_at`) VALUES (25035, 'Anapoima', 25, DEFAULT);
INSERT INTO `fonade_db`.`app_ciudad` (`codigo_dane`, `ciudad`, `departamento_dane`, `updated_at`) VALUES (25040, 'Anolaima', 25, DEFAULT);
INSERT INTO `fonade_db`.`app_ciudad` (`codigo_dane`, `ciudad`, `departamento_dane`, `updated_at`) VALUES (25053, 'Arbeláez', 25, DEFAULT);
INSERT INTO `fonade_db`.`app_ciudad` (`codigo_dane`, `ciudad`, `departamento_dane`, `updated_at`) VALUES (25086, 'Beltrán', 25, DEFAULT);
INSERT INTO `fonade_db`.`app_ciudad` (`codigo_dane`, `ciudad`, `departamento_dane`, `updated_at`) VALUES (25095, 'Bituima', 25, DEFAULT);
INSERT INTO `fonade_db`.`app_ciudad` (`codigo_dane`, `ciudad`, `departamento_dane`, `updated_at`) VALUES (25099, 'Bojacá', 25, DEFAULT);
INSERT INTO `fonade_db`.`app_ciudad` (`codigo_dane`, `ciudad`, `departamento_dane`, `updated_at`) VALUES (25120, 'Cabrera', 25, DEFAULT);
INSERT INTO `fonade_db`.`app_ciudad` (`codigo_dane`, `ciudad`, `departamento_dane`, `updated_at`) VALUES (25123, 'Cachipay', 25, DEFAULT);
INSERT INTO `fonade_db`.`app_ciudad` (`codigo_dane`, `ciudad`, `departamento_dane`, `updated_at`) VALUES (25126, 'Cajicá', 25, DEFAULT);
INSERT INTO `fonade_db`.`app_ciudad` (`codigo_dane`, `ciudad`, `departamento_dane`, `updated_at`) VALUES (25148, 'Caparrapí', 25, DEFAULT);
INSERT INTO `fonade_db`.`app_ciudad` (`codigo_dane`, `ciudad`, `departamento_dane`, `updated_at`) VALUES (25151, 'Caqueza', 25, DEFAULT);
INSERT INTO `fonade_db`.`app_ciudad` (`codigo_dane`, `ciudad`, `departamento_dane`, `updated_at`) VALUES (25154, 'Carmen de Carupa', 25, DEFAULT);
INSERT INTO `fonade_db`.`app_ciudad` (`codigo_dane`, `ciudad`, `departamento_dane`, `updated_at`) VALUES (25168, 'Chaguaní', 25, DEFAULT);
INSERT INTO `fonade_db`.`app_ciudad` (`codigo_dane`, `ciudad`, `departamento_dane`, `updated_at`) VALUES (25175, 'Chía', 25, DEFAULT);
INSERT INTO `fonade_db`.`app_ciudad` (`codigo_dane`, `ciudad`, `departamento_dane`, `updated_at`) VALUES (25178, 'Chipaque', 25, DEFAULT);
INSERT INTO `fonade_db`.`app_ciudad` (`codigo_dane`, `ciudad`, `departamento_dane`, `updated_at`) VALUES (25181, 'Choachí', 25, DEFAULT);
INSERT INTO `fonade_db`.`app_ciudad` (`codigo_dane`, `ciudad`, `departamento_dane`, `updated_at`) VALUES (25183, 'Chocontá', 25, DEFAULT);
INSERT INTO `fonade_db`.`app_ciudad` (`codigo_dane`, `ciudad`, `departamento_dane`, `updated_at`) VALUES (25200, 'Cogua', 25, DEFAULT);
INSERT INTO `fonade_db`.`app_ciudad` (`codigo_dane`, `ciudad`, `departamento_dane`, `updated_at`) VALUES (25214, 'Cota', 25, DEFAULT);
INSERT INTO `fonade_db`.`app_ciudad` (`codigo_dane`, `ciudad`, `departamento_dane`, `updated_at`) VALUES (25224, 'Cucunubá', 25, DEFAULT);
INSERT INTO `fonade_db`.`app_ciudad` (`codigo_dane`, `ciudad`, `departamento_dane`, `updated_at`) VALUES (25245, 'El Colegio', 25, DEFAULT);
INSERT INTO `fonade_db`.`app_ciudad` (`codigo_dane`, `ciudad`, `departamento_dane`, `updated_at`) VALUES (25258, 'El Peñón', 25, DEFAULT);
INSERT INTO `fonade_db`.`app_ciudad` (`codigo_dane`, `ciudad`, `departamento_dane`, `updated_at`) VALUES (25260, 'El Rosal', 25, DEFAULT);
INSERT INTO `fonade_db`.`app_ciudad` (`codigo_dane`, `ciudad`, `departamento_dane`, `updated_at`) VALUES (25269, 'Facatativá', 25, DEFAULT);
INSERT INTO `fonade_db`.`app_ciudad` (`codigo_dane`, `ciudad`, `departamento_dane`, `updated_at`) VALUES (25279, 'Fomeque', 25, DEFAULT);
INSERT INTO `fonade_db`.`app_ciudad` (`codigo_dane`, `ciudad`, `departamento_dane`, `updated_at`) VALUES (25281, 'Fosca', 25, DEFAULT);
INSERT INTO `fonade_db`.`app_ciudad` (`codigo_dane`, `ciudad`, `departamento_dane`, `updated_at`) VALUES (25286, 'Funza', 25, DEFAULT);
INSERT INTO `fonade_db`.`app_ciudad` (`codigo_dane`, `ciudad`, `departamento_dane`, `updated_at`) VALUES (25288, 'Fúquene', 25, DEFAULT);
INSERT INTO `fonade_db`.`app_ciudad` (`codigo_dane`, `ciudad`, `departamento_dane`, `updated_at`) VALUES (25290, 'Fusagasugá', 25, DEFAULT);
INSERT INTO `fonade_db`.`app_ciudad` (`codigo_dane`, `ciudad`, `departamento_dane`, `updated_at`) VALUES (25293, 'Gachala', 25, DEFAULT);
INSERT INTO `fonade_db`.`app_ciudad` (`codigo_dane`, `ciudad`, `departamento_dane`, `updated_at`) VALUES (25295, 'Gachancipá', 25, DEFAULT);
INSERT INTO `fonade_db`.`app_ciudad` (`codigo_dane`, `ciudad`, `departamento_dane`, `updated_at`) VALUES (25297, 'Gachetá', 25, DEFAULT);
INSERT INTO `fonade_db`.`app_ciudad` (`codigo_dane`, `ciudad`, `departamento_dane`, `updated_at`) VALUES (25299, 'Gama', 25, DEFAULT);
INSERT INTO `fonade_db`.`app_ciudad` (`codigo_dane`, `ciudad`, `departamento_dane`, `updated_at`) VALUES (25307, 'Girardot', 25, DEFAULT);
INSERT INTO `fonade_db`.`app_ciudad` (`codigo_dane`, `ciudad`, `departamento_dane`, `updated_at`) VALUES (25312, 'Granada', 25, DEFAULT);
INSERT INTO `fonade_db`.`app_ciudad` (`codigo_dane`, `ciudad`, `departamento_dane`, `updated_at`) VALUES (25317, 'Guachetá', 25, DEFAULT);
INSERT INTO `fonade_db`.`app_ciudad` (`codigo_dane`, `ciudad`, `departamento_dane`, `updated_at`) VALUES (25320, 'Guaduas', 25, DEFAULT);
INSERT INTO `fonade_db`.`app_ciudad` (`codigo_dane`, `ciudad`, `departamento_dane`, `updated_at`) VALUES (25322, 'Guasca', 25, DEFAULT);
INSERT INTO `fonade_db`.`app_ciudad` (`codigo_dane`, `ciudad`, `departamento_dane`, `updated_at`) VALUES (25324, 'Guataquí', 25, DEFAULT);
INSERT INTO `fonade_db`.`app_ciudad` (`codigo_dane`, `ciudad`, `departamento_dane`, `updated_at`) VALUES (25326, 'Guatavita', 25, DEFAULT);
INSERT INTO `fonade_db`.`app_ciudad` (`codigo_dane`, `ciudad`, `departamento_dane`, `updated_at`) VALUES (25328, 'Guayabal de Siquima', 25, DEFAULT);
INSERT INTO `fonade_db`.`app_ciudad` (`codigo_dane`, `ciudad`, `departamento_dane`, `updated_at`) VALUES (25335, 'Guayabetal', 25, DEFAULT);
INSERT INTO `fonade_db`.`app_ciudad` (`codigo_dane`, `ciudad`, `departamento_dane`, `updated_at`) VALUES (25339, 'Gutiérrez', 25, DEFAULT);
INSERT INTO `fonade_db`.`app_ciudad` (`codigo_dane`, `ciudad`, `departamento_dane`, `updated_at`) VALUES (25368, 'Jerusalén', 25, DEFAULT);
INSERT INTO `fonade_db`.`app_ciudad` (`codigo_dane`, `ciudad`, `departamento_dane`, `updated_at`) VALUES (25372, 'Junín', 25, DEFAULT);
INSERT INTO `fonade_db`.`app_ciudad` (`codigo_dane`, `ciudad`, `departamento_dane`, `updated_at`) VALUES (25377, 'La Calera', 25, DEFAULT);
INSERT INTO `fonade_db`.`app_ciudad` (`codigo_dane`, `ciudad`, `departamento_dane`, `updated_at`) VALUES (25386, 'La Mesa', 25, DEFAULT);
INSERT INTO `fonade_db`.`app_ciudad` (`codigo_dane`, `ciudad`, `departamento_dane`, `updated_at`) VALUES (25394, 'La Palma', 25, DEFAULT);
INSERT INTO `fonade_db`.`app_ciudad` (`codigo_dane`, `ciudad`, `departamento_dane`, `updated_at`) VALUES (25398, 'La Peña', 25, DEFAULT);
INSERT INTO `fonade_db`.`app_ciudad` (`codigo_dane`, `ciudad`, `departamento_dane`, `updated_at`) VALUES (25402, 'La Vega', 25, DEFAULT);
INSERT INTO `fonade_db`.`app_ciudad` (`codigo_dane`, `ciudad`, `departamento_dane`, `updated_at`) VALUES (25407, 'Lenguazaque', 25, DEFAULT);
INSERT INTO `fonade_db`.`app_ciudad` (`codigo_dane`, `ciudad`, `departamento_dane`, `updated_at`) VALUES (25426, 'Macheta', 25, DEFAULT);
INSERT INTO `fonade_db`.`app_ciudad` (`codigo_dane`, `ciudad`, `departamento_dane`, `updated_at`) VALUES (25430, 'Madrid', 25, DEFAULT);
INSERT INTO `fonade_db`.`app_ciudad` (`codigo_dane`, `ciudad`, `departamento_dane`, `updated_at`) VALUES (25436, 'Manta', 25, DEFAULT);
INSERT INTO `fonade_db`.`app_ciudad` (`codigo_dane`, `ciudad`, `departamento_dane`, `updated_at`) VALUES (25438, 'Medina', 25, DEFAULT);
INSERT INTO `fonade_db`.`app_ciudad` (`codigo_dane`, `ciudad`, `departamento_dane`, `updated_at`) VALUES (25473, 'Mosquera', 25, DEFAULT);
INSERT INTO `fonade_db`.`app_ciudad` (`codigo_dane`, `ciudad`, `departamento_dane`, `updated_at`) VALUES (25483, 'Nariño', 25, DEFAULT);
INSERT INTO `fonade_db`.`app_ciudad` (`codigo_dane`, `ciudad`, `departamento_dane`, `updated_at`) VALUES (25486, 'Nemocón', 25, DEFAULT);
INSERT INTO `fonade_db`.`app_ciudad` (`codigo_dane`, `ciudad`, `departamento_dane`, `updated_at`) VALUES (25488, 'Nilo', 25, DEFAULT);
INSERT INTO `fonade_db`.`app_ciudad` (`codigo_dane`, `ciudad`, `departamento_dane`, `updated_at`) VALUES (25489, 'Nimaima', 25, DEFAULT);
INSERT INTO `fonade_db`.`app_ciudad` (`codigo_dane`, `ciudad`, `departamento_dane`, `updated_at`) VALUES (25491, 'Nocaima', 25, DEFAULT);
INSERT INTO `fonade_db`.`app_ciudad` (`codigo_dane`, `ciudad`, `departamento_dane`, `updated_at`) VALUES (25506, 'Venecia', 25, DEFAULT);
INSERT INTO `fonade_db`.`app_ciudad` (`codigo_dane`, `ciudad`, `departamento_dane`, `updated_at`) VALUES (25513, 'Pacho', 25, DEFAULT);
INSERT INTO `fonade_db`.`app_ciudad` (`codigo_dane`, `ciudad`, `departamento_dane`, `updated_at`) VALUES (25518, 'Paime', 25, DEFAULT);
INSERT INTO `fonade_db`.`app_ciudad` (`codigo_dane`, `ciudad`, `departamento_dane`, `updated_at`) VALUES (25524, 'Pandi', 25, DEFAULT);
INSERT INTO `fonade_db`.`app_ciudad` (`codigo_dane`, `ciudad`, `departamento_dane`, `updated_at`) VALUES (25530, 'Paratebueno', 25, DEFAULT);
INSERT INTO `fonade_db`.`app_ciudad` (`codigo_dane`, `ciudad`, `departamento_dane`, `updated_at`) VALUES (25535, 'Pasca', 25, DEFAULT);
INSERT INTO `fonade_db`.`app_ciudad` (`codigo_dane`, `ciudad`, `departamento_dane`, `updated_at`) VALUES (25572, 'Puerto Salgar', 25, DEFAULT);
INSERT INTO `fonade_db`.`app_ciudad` (`codigo_dane`, `ciudad`, `departamento_dane`, `updated_at`) VALUES (25580, 'Pulí', 25, DEFAULT);
INSERT INTO `fonade_db`.`app_ciudad` (`codigo_dane`, `ciudad`, `departamento_dane`, `updated_at`) VALUES (25592, 'Quebradanegra', 25, DEFAULT);
INSERT INTO `fonade_db`.`app_ciudad` (`codigo_dane`, `ciudad`, `departamento_dane`, `updated_at`) VALUES (25594, 'Quetame', 25, DEFAULT);
INSERT INTO `fonade_db`.`app_ciudad` (`codigo_dane`, `ciudad`, `departamento_dane`, `updated_at`) VALUES (25596, 'Quipile', 25, DEFAULT);
INSERT INTO `fonade_db`.`app_ciudad` (`codigo_dane`, `ciudad`, `departamento_dane`, `updated_at`) VALUES (25599, 'Apulo', 25, DEFAULT);
INSERT INTO `fonade_db`.`app_ciudad` (`codigo_dane`, `ciudad`, `departamento_dane`, `updated_at`) VALUES (25612, 'Ricaurte', 25, DEFAULT);
INSERT INTO `fonade_db`.`app_ciudad` (`codigo_dane`, `ciudad`, `departamento_dane`, `updated_at`) VALUES (25645, 'San Antonio del Tequendama', 25, DEFAULT);
INSERT INTO `fonade_db`.`app_ciudad` (`codigo_dane`, `ciudad`, `departamento_dane`, `updated_at`) VALUES (25649, 'San Bernardo', 25, DEFAULT);
INSERT INTO `fonade_db`.`app_ciudad` (`codigo_dane`, `ciudad`, `departamento_dane`, `updated_at`) VALUES (25653, 'San Cayetano', 25, DEFAULT);
INSERT INTO `fonade_db`.`app_ciudad` (`codigo_dane`, `ciudad`, `departamento_dane`, `updated_at`) VALUES (25658, 'San Francisco', 25, DEFAULT);
INSERT INTO `fonade_db`.`app_ciudad` (`codigo_dane`, `ciudad`, `departamento_dane`, `updated_at`) VALUES (25662, 'San Juan de Río Seco', 25, DEFAULT);
INSERT INTO `fonade_db`.`app_ciudad` (`codigo_dane`, `ciudad`, `departamento_dane`, `updated_at`) VALUES (25718, 'Sasaima', 25, DEFAULT);
INSERT INTO `fonade_db`.`app_ciudad` (`codigo_dane`, `ciudad`, `departamento_dane`, `updated_at`) VALUES (25736, 'Sesquilé', 25, DEFAULT);
INSERT INTO `fonade_db`.`app_ciudad` (`codigo_dane`, `ciudad`, `departamento_dane`, `updated_at`) VALUES (25740, 'Sibaté', 25, DEFAULT);
INSERT INTO `fonade_db`.`app_ciudad` (`codigo_dane`, `ciudad`, `departamento_dane`, `updated_at`) VALUES (25743, 'Silvania', 25, DEFAULT);
INSERT INTO `fonade_db`.`app_ciudad` (`codigo_dane`, `ciudad`, `departamento_dane`, `updated_at`) VALUES (25745, 'Simijaca', 25, DEFAULT);
INSERT INTO `fonade_db`.`app_ciudad` (`codigo_dane`, `ciudad`, `departamento_dane`, `updated_at`) VALUES (25754, 'Soacha', 25, DEFAULT);
INSERT INTO `fonade_db`.`app_ciudad` (`codigo_dane`, `ciudad`, `departamento_dane`, `updated_at`) VALUES (25758, 'Sopó', 25, DEFAULT);
INSERT INTO `fonade_db`.`app_ciudad` (`codigo_dane`, `ciudad`, `departamento_dane`, `updated_at`) VALUES (25769, 'Subachoque', 25, DEFAULT);
INSERT INTO `fonade_db`.`app_ciudad` (`codigo_dane`, `ciudad`, `departamento_dane`, `updated_at`) VALUES (25772, 'Suesca', 25, DEFAULT);
INSERT INTO `fonade_db`.`app_ciudad` (`codigo_dane`, `ciudad`, `departamento_dane`, `updated_at`) VALUES (25777, 'Supatá', 25, DEFAULT);
INSERT INTO `fonade_db`.`app_ciudad` (`codigo_dane`, `ciudad`, `departamento_dane`, `updated_at`) VALUES (25779, 'Susa', 25, DEFAULT);
INSERT INTO `fonade_db`.`app_ciudad` (`codigo_dane`, `ciudad`, `departamento_dane`, `updated_at`) VALUES (25781, 'Sutatausa', 25, DEFAULT);
INSERT INTO `fonade_db`.`app_ciudad` (`codigo_dane`, `ciudad`, `departamento_dane`, `updated_at`) VALUES (25785, 'Tabio', 25, DEFAULT);
INSERT INTO `fonade_db`.`app_ciudad` (`codigo_dane`, `ciudad`, `departamento_dane`, `updated_at`) VALUES (25793, 'Tausa', 25, DEFAULT);
INSERT INTO `fonade_db`.`app_ciudad` (`codigo_dane`, `ciudad`, `departamento_dane`, `updated_at`) VALUES (25797, 'Tena', 25, DEFAULT);
INSERT INTO `fonade_db`.`app_ciudad` (`codigo_dane`, `ciudad`, `departamento_dane`, `updated_at`) VALUES (25799, 'Tenjo', 25, DEFAULT);
INSERT INTO `fonade_db`.`app_ciudad` (`codigo_dane`, `ciudad`, `departamento_dane`, `updated_at`) VALUES (25805, 'Tibacuy', 25, DEFAULT);
INSERT INTO `fonade_db`.`app_ciudad` (`codigo_dane`, `ciudad`, `departamento_dane`, `updated_at`) VALUES (25807, 'Tibirita', 25, DEFAULT);
INSERT INTO `fonade_db`.`app_ciudad` (`codigo_dane`, `ciudad`, `departamento_dane`, `updated_at`) VALUES (25815, 'Tocaima', 25, DEFAULT);
INSERT INTO `fonade_db`.`app_ciudad` (`codigo_dane`, `ciudad`, `departamento_dane`, `updated_at`) VALUES (25817, 'Tocancipá', 25, DEFAULT);
INSERT INTO `fonade_db`.`app_ciudad` (`codigo_dane`, `ciudad`, `departamento_dane`, `updated_at`) VALUES (25823, 'Topaipí', 25, DEFAULT);
INSERT INTO `fonade_db`.`app_ciudad` (`codigo_dane`, `ciudad`, `departamento_dane`, `updated_at`) VALUES (25839, 'Ubalá', 25, DEFAULT);
INSERT INTO `fonade_db`.`app_ciudad` (`codigo_dane`, `ciudad`, `departamento_dane`, `updated_at`) VALUES (25841, 'Ubaque', 25, DEFAULT);
INSERT INTO `fonade_db`.`app_ciudad` (`codigo_dane`, `ciudad`, `departamento_dane`, `updated_at`) VALUES (25843, 'Villa de San Diego de Ubate', 25, DEFAULT);
INSERT INTO `fonade_db`.`app_ciudad` (`codigo_dane`, `ciudad`, `departamento_dane`, `updated_at`) VALUES (25845, 'Une', 25, DEFAULT);
INSERT INTO `fonade_db`.`app_ciudad` (`codigo_dane`, `ciudad`, `departamento_dane`, `updated_at`) VALUES (25851, 'Útica', 25, DEFAULT);
INSERT INTO `fonade_db`.`app_ciudad` (`codigo_dane`, `ciudad`, `departamento_dane`, `updated_at`) VALUES (25862, 'Vergara', 25, DEFAULT);
INSERT INTO `fonade_db`.`app_ciudad` (`codigo_dane`, `ciudad`, `departamento_dane`, `updated_at`) VALUES (25867, 'Vianí', 25, DEFAULT);
INSERT INTO `fonade_db`.`app_ciudad` (`codigo_dane`, `ciudad`, `departamento_dane`, `updated_at`) VALUES (25871, 'Villagómez', 25, DEFAULT);
INSERT INTO `fonade_db`.`app_ciudad` (`codigo_dane`, `ciudad`, `departamento_dane`, `updated_at`) VALUES (25873, 'Villapinzón', 25, DEFAULT);
INSERT INTO `fonade_db`.`app_ciudad` (`codigo_dane`, `ciudad`, `departamento_dane`, `updated_at`) VALUES (25875, 'Villeta', 25, DEFAULT);
INSERT INTO `fonade_db`.`app_ciudad` (`codigo_dane`, `ciudad`, `departamento_dane`, `updated_at`) VALUES (25878, 'Viotá', 25, DEFAULT);
INSERT INTO `fonade_db`.`app_ciudad` (`codigo_dane`, `ciudad`, `departamento_dane`, `updated_at`) VALUES (25885, 'Yacopí', 25, DEFAULT);
INSERT INTO `fonade_db`.`app_ciudad` (`codigo_dane`, `ciudad`, `departamento_dane`, `updated_at`) VALUES (25898, 'Zipacón', 25, DEFAULT);
INSERT INTO `fonade_db`.`app_ciudad` (`codigo_dane`, `ciudad`, `departamento_dane`, `updated_at`) VALUES (25899, 'Zipaquirá', 25, DEFAULT);
INSERT INTO `fonade_db`.`app_ciudad` (`codigo_dane`, `ciudad`, `departamento_dane`, `updated_at`) VALUES (27001, 'Quibdó', 27, DEFAULT);
INSERT INTO `fonade_db`.`app_ciudad` (`codigo_dane`, `ciudad`, `departamento_dane`, `updated_at`) VALUES (27006, 'Acandí', 27, DEFAULT);
INSERT INTO `fonade_db`.`app_ciudad` (`codigo_dane`, `ciudad`, `departamento_dane`, `updated_at`) VALUES (27025, 'Alto Baudo', 27, DEFAULT);
INSERT INTO `fonade_db`.`app_ciudad` (`codigo_dane`, `ciudad`, `departamento_dane`, `updated_at`) VALUES (27050, 'Atrato', 27, DEFAULT);
INSERT INTO `fonade_db`.`app_ciudad` (`codigo_dane`, `ciudad`, `departamento_dane`, `updated_at`) VALUES (27073, 'Bagadó', 27, DEFAULT);
INSERT INTO `fonade_db`.`app_ciudad` (`codigo_dane`, `ciudad`, `departamento_dane`, `updated_at`) VALUES (27075, 'Bahía Solano', 27, DEFAULT);
INSERT INTO `fonade_db`.`app_ciudad` (`codigo_dane`, `ciudad`, `departamento_dane`, `updated_at`) VALUES (27077, 'Bajo Baudó', 27, DEFAULT);
INSERT INTO `fonade_db`.`app_ciudad` (`codigo_dane`, `ciudad`, `departamento_dane`, `updated_at`) VALUES (27086, 'Belén de Bajira', 27, DEFAULT);
INSERT INTO `fonade_db`.`app_ciudad` (`codigo_dane`, `ciudad`, `departamento_dane`, `updated_at`) VALUES (27099, 'Bojaya', 27, DEFAULT);
INSERT INTO `fonade_db`.`app_ciudad` (`codigo_dane`, `ciudad`, `departamento_dane`, `updated_at`) VALUES (27135, 'El Cantón del San Pablo', 27, DEFAULT);
INSERT INTO `fonade_db`.`app_ciudad` (`codigo_dane`, `ciudad`, `departamento_dane`, `updated_at`) VALUES (27150, 'Carmen del Darien', 27, DEFAULT);
INSERT INTO `fonade_db`.`app_ciudad` (`codigo_dane`, `ciudad`, `departamento_dane`, `updated_at`) VALUES (27160, 'Cértegui', 27, DEFAULT);
INSERT INTO `fonade_db`.`app_ciudad` (`codigo_dane`, `ciudad`, `departamento_dane`, `updated_at`) VALUES (27205, 'Condoto', 27, DEFAULT);
INSERT INTO `fonade_db`.`app_ciudad` (`codigo_dane`, `ciudad`, `departamento_dane`, `updated_at`) VALUES (27245, 'El Carmen de Atrato', 27, DEFAULT);
INSERT INTO `fonade_db`.`app_ciudad` (`codigo_dane`, `ciudad`, `departamento_dane`, `updated_at`) VALUES (27250, 'El Litoral del San Juan', 27, DEFAULT);
INSERT INTO `fonade_db`.`app_ciudad` (`codigo_dane`, `ciudad`, `departamento_dane`, `updated_at`) VALUES (27361, 'Istmina', 27, DEFAULT);
INSERT INTO `fonade_db`.`app_ciudad` (`codigo_dane`, `ciudad`, `departamento_dane`, `updated_at`) VALUES (27372, 'Juradó', 27, DEFAULT);
INSERT INTO `fonade_db`.`app_ciudad` (`codigo_dane`, `ciudad`, `departamento_dane`, `updated_at`) VALUES (27413, 'Lloró', 27, DEFAULT);
INSERT INTO `fonade_db`.`app_ciudad` (`codigo_dane`, `ciudad`, `departamento_dane`, `updated_at`) VALUES (27425, 'Medio Atrato', 27, DEFAULT);
INSERT INTO `fonade_db`.`app_ciudad` (`codigo_dane`, `ciudad`, `departamento_dane`, `updated_at`) VALUES (27430, 'Medio Baudó', 27, DEFAULT);
INSERT INTO `fonade_db`.`app_ciudad` (`codigo_dane`, `ciudad`, `departamento_dane`, `updated_at`) VALUES (27450, 'Medio San Juan', 27, DEFAULT);
INSERT INTO `fonade_db`.`app_ciudad` (`codigo_dane`, `ciudad`, `departamento_dane`, `updated_at`) VALUES (27491, 'Nóvita', 27, DEFAULT);
INSERT INTO `fonade_db`.`app_ciudad` (`codigo_dane`, `ciudad`, `departamento_dane`, `updated_at`) VALUES (27495, 'Nuquí', 27, DEFAULT);
INSERT INTO `fonade_db`.`app_ciudad` (`codigo_dane`, `ciudad`, `departamento_dane`, `updated_at`) VALUES (27580, 'Río Iro', 27, DEFAULT);
INSERT INTO `fonade_db`.`app_ciudad` (`codigo_dane`, `ciudad`, `departamento_dane`, `updated_at`) VALUES (27600, 'Río Quito', 27, DEFAULT);
INSERT INTO `fonade_db`.`app_ciudad` (`codigo_dane`, `ciudad`, `departamento_dane`, `updated_at`) VALUES (27615, 'Riosucio', 27, DEFAULT);
INSERT INTO `fonade_db`.`app_ciudad` (`codigo_dane`, `ciudad`, `departamento_dane`, `updated_at`) VALUES (27660, 'San José del Palmar', 27, DEFAULT);
INSERT INTO `fonade_db`.`app_ciudad` (`codigo_dane`, `ciudad`, `departamento_dane`, `updated_at`) VALUES (27745, 'Sipí', 27, DEFAULT);
INSERT INTO `fonade_db`.`app_ciudad` (`codigo_dane`, `ciudad`, `departamento_dane`, `updated_at`) VALUES (27787, 'Tadó', 27, DEFAULT);
INSERT INTO `fonade_db`.`app_ciudad` (`codigo_dane`, `ciudad`, `departamento_dane`, `updated_at`) VALUES (27800, 'Unguía', 27, DEFAULT);
INSERT INTO `fonade_db`.`app_ciudad` (`codigo_dane`, `ciudad`, `departamento_dane`, `updated_at`) VALUES (27810, 'Unión Panamericana', 27, DEFAULT);
INSERT INTO `fonade_db`.`app_ciudad` (`codigo_dane`, `ciudad`, `departamento_dane`, `updated_at`) VALUES (41001, 'Neiva', 41, DEFAULT);
INSERT INTO `fonade_db`.`app_ciudad` (`codigo_dane`, `ciudad`, `departamento_dane`, `updated_at`) VALUES (41006, 'Acevedo', 41, DEFAULT);
INSERT INTO `fonade_db`.`app_ciudad` (`codigo_dane`, `ciudad`, `departamento_dane`, `updated_at`) VALUES (41013, 'Agrado', 41, DEFAULT);
INSERT INTO `fonade_db`.`app_ciudad` (`codigo_dane`, `ciudad`, `departamento_dane`, `updated_at`) VALUES (41016, 'Aipe', 41, DEFAULT);
INSERT INTO `fonade_db`.`app_ciudad` (`codigo_dane`, `ciudad`, `departamento_dane`, `updated_at`) VALUES (41020, 'Algeciras', 41, DEFAULT);
INSERT INTO `fonade_db`.`app_ciudad` (`codigo_dane`, `ciudad`, `departamento_dane`, `updated_at`) VALUES (41026, 'Altamira', 41, DEFAULT);
INSERT INTO `fonade_db`.`app_ciudad` (`codigo_dane`, `ciudad`, `departamento_dane`, `updated_at`) VALUES (41078, 'Baraya', 41, DEFAULT);
INSERT INTO `fonade_db`.`app_ciudad` (`codigo_dane`, `ciudad`, `departamento_dane`, `updated_at`) VALUES (41132, 'Campoalegre', 41, DEFAULT);
INSERT INTO `fonade_db`.`app_ciudad` (`codigo_dane`, `ciudad`, `departamento_dane`, `updated_at`) VALUES (41206, 'Colombia', 41, DEFAULT);
INSERT INTO `fonade_db`.`app_ciudad` (`codigo_dane`, `ciudad`, `departamento_dane`, `updated_at`) VALUES (41244, 'Elías', 41, DEFAULT);
INSERT INTO `fonade_db`.`app_ciudad` (`codigo_dane`, `ciudad`, `departamento_dane`, `updated_at`) VALUES (41298, 'Garzón', 41, DEFAULT);
INSERT INTO `fonade_db`.`app_ciudad` (`codigo_dane`, `ciudad`, `departamento_dane`, `updated_at`) VALUES (41306, 'Gigante', 41, DEFAULT);
INSERT INTO `fonade_db`.`app_ciudad` (`codigo_dane`, `ciudad`, `departamento_dane`, `updated_at`) VALUES (41319, 'Guadalupe', 41, DEFAULT);
INSERT INTO `fonade_db`.`app_ciudad` (`codigo_dane`, `ciudad`, `departamento_dane`, `updated_at`) VALUES (41349, 'Hobo', 41, DEFAULT);
INSERT INTO `fonade_db`.`app_ciudad` (`codigo_dane`, `ciudad`, `departamento_dane`, `updated_at`) VALUES (41357, 'Iquira', 41, DEFAULT);
INSERT INTO `fonade_db`.`app_ciudad` (`codigo_dane`, `ciudad`, `departamento_dane`, `updated_at`) VALUES (41359, 'Isnos', 41, DEFAULT);
INSERT INTO `fonade_db`.`app_ciudad` (`codigo_dane`, `ciudad`, `departamento_dane`, `updated_at`) VALUES (41378, 'La Argentina', 41, DEFAULT);
INSERT INTO `fonade_db`.`app_ciudad` (`codigo_dane`, `ciudad`, `departamento_dane`, `updated_at`) VALUES (41396, 'La Plata', 41, DEFAULT);
INSERT INTO `fonade_db`.`app_ciudad` (`codigo_dane`, `ciudad`, `departamento_dane`, `updated_at`) VALUES (41483, 'Nátaga', 41, DEFAULT);
INSERT INTO `fonade_db`.`app_ciudad` (`codigo_dane`, `ciudad`, `departamento_dane`, `updated_at`) VALUES (41503, 'Oporapa', 41, DEFAULT);
INSERT INTO `fonade_db`.`app_ciudad` (`codigo_dane`, `ciudad`, `departamento_dane`, `updated_at`) VALUES (41518, 'Paicol', 41, DEFAULT);
INSERT INTO `fonade_db`.`app_ciudad` (`codigo_dane`, `ciudad`, `departamento_dane`, `updated_at`) VALUES (41524, 'Palermo', 41, DEFAULT);
INSERT INTO `fonade_db`.`app_ciudad` (`codigo_dane`, `ciudad`, `departamento_dane`, `updated_at`) VALUES (41530, 'Palestina', 41, DEFAULT);
INSERT INTO `fonade_db`.`app_ciudad` (`codigo_dane`, `ciudad`, `departamento_dane`, `updated_at`) VALUES (41548, 'Pital', 41, DEFAULT);
INSERT INTO `fonade_db`.`app_ciudad` (`codigo_dane`, `ciudad`, `departamento_dane`, `updated_at`) VALUES (41551, 'Pitalito', 41, DEFAULT);
INSERT INTO `fonade_db`.`app_ciudad` (`codigo_dane`, `ciudad`, `departamento_dane`, `updated_at`) VALUES (41615, 'Rivera', 41, DEFAULT);
INSERT INTO `fonade_db`.`app_ciudad` (`codigo_dane`, `ciudad`, `departamento_dane`, `updated_at`) VALUES (41660, 'Saladoblanco', 41, DEFAULT);
INSERT INTO `fonade_db`.`app_ciudad` (`codigo_dane`, `ciudad`, `departamento_dane`, `updated_at`) VALUES (41668, 'San Agustín', 41, DEFAULT);
INSERT INTO `fonade_db`.`app_ciudad` (`codigo_dane`, `ciudad`, `departamento_dane`, `updated_at`) VALUES (41676, 'Santa María', 41, DEFAULT);
INSERT INTO `fonade_db`.`app_ciudad` (`codigo_dane`, `ciudad`, `departamento_dane`, `updated_at`) VALUES (41770, 'Suaza', 41, DEFAULT);
INSERT INTO `fonade_db`.`app_ciudad` (`codigo_dane`, `ciudad`, `departamento_dane`, `updated_at`) VALUES (41791, 'Tarqui', 41, DEFAULT);
INSERT INTO `fonade_db`.`app_ciudad` (`codigo_dane`, `ciudad`, `departamento_dane`, `updated_at`) VALUES (41797, 'Tesalia', 41, DEFAULT);
INSERT INTO `fonade_db`.`app_ciudad` (`codigo_dane`, `ciudad`, `departamento_dane`, `updated_at`) VALUES (41799, 'Tello', 41, DEFAULT);
INSERT INTO `fonade_db`.`app_ciudad` (`codigo_dane`, `ciudad`, `departamento_dane`, `updated_at`) VALUES (41801, 'Teruel', 41, DEFAULT);
INSERT INTO `fonade_db`.`app_ciudad` (`codigo_dane`, `ciudad`, `departamento_dane`, `updated_at`) VALUES (41807, 'Timaná', 41, DEFAULT);
INSERT INTO `fonade_db`.`app_ciudad` (`codigo_dane`, `ciudad`, `departamento_dane`, `updated_at`) VALUES (41872, 'Villavieja', 41, DEFAULT);
INSERT INTO `fonade_db`.`app_ciudad` (`codigo_dane`, `ciudad`, `departamento_dane`, `updated_at`) VALUES (41885, 'Yaguará', 41, DEFAULT);
INSERT INTO `fonade_db`.`app_ciudad` (`codigo_dane`, `ciudad`, `departamento_dane`, `updated_at`) VALUES (44001, 'Riohacha', 44, DEFAULT);
INSERT INTO `fonade_db`.`app_ciudad` (`codigo_dane`, `ciudad`, `departamento_dane`, `updated_at`) VALUES (44035, 'Albania', 44, DEFAULT);
INSERT INTO `fonade_db`.`app_ciudad` (`codigo_dane`, `ciudad`, `departamento_dane`, `updated_at`) VALUES (44078, 'Barrancas', 44, DEFAULT);
INSERT INTO `fonade_db`.`app_ciudad` (`codigo_dane`, `ciudad`, `departamento_dane`, `updated_at`) VALUES (44090, 'Dibula', 44, DEFAULT);
INSERT INTO `fonade_db`.`app_ciudad` (`codigo_dane`, `ciudad`, `departamento_dane`, `updated_at`) VALUES (44098, 'Distracción', 44, DEFAULT);
INSERT INTO `fonade_db`.`app_ciudad` (`codigo_dane`, `ciudad`, `departamento_dane`, `updated_at`) VALUES (44110, 'El Molino', 44, DEFAULT);
INSERT INTO `fonade_db`.`app_ciudad` (`codigo_dane`, `ciudad`, `departamento_dane`, `updated_at`) VALUES (44279, 'Fonseca', 44, DEFAULT);
INSERT INTO `fonade_db`.`app_ciudad` (`codigo_dane`, `ciudad`, `departamento_dane`, `updated_at`) VALUES (44378, 'Hatonuevo', 44, DEFAULT);
INSERT INTO `fonade_db`.`app_ciudad` (`codigo_dane`, `ciudad`, `departamento_dane`, `updated_at`) VALUES (44420, 'La Jagua del Pilar', 44, DEFAULT);
INSERT INTO `fonade_db`.`app_ciudad` (`codigo_dane`, `ciudad`, `departamento_dane`, `updated_at`) VALUES (44430, 'Maicao', 44, DEFAULT);
INSERT INTO `fonade_db`.`app_ciudad` (`codigo_dane`, `ciudad`, `departamento_dane`, `updated_at`) VALUES (44560, 'Manaure', 44, DEFAULT);
INSERT INTO `fonade_db`.`app_ciudad` (`codigo_dane`, `ciudad`, `departamento_dane`, `updated_at`) VALUES (44650, 'San Juan del Cesar', 44, DEFAULT);
INSERT INTO `fonade_db`.`app_ciudad` (`codigo_dane`, `ciudad`, `departamento_dane`, `updated_at`) VALUES (44847, 'Uribia', 44, DEFAULT);
INSERT INTO `fonade_db`.`app_ciudad` (`codigo_dane`, `ciudad`, `departamento_dane`, `updated_at`) VALUES (44855, 'Urumita', 44, DEFAULT);
INSERT INTO `fonade_db`.`app_ciudad` (`codigo_dane`, `ciudad`, `departamento_dane`, `updated_at`) VALUES (44874, 'Villanueva', 44, DEFAULT);
INSERT INTO `fonade_db`.`app_ciudad` (`codigo_dane`, `ciudad`, `departamento_dane`, `updated_at`) VALUES (47001, 'Santa Marta', 47, DEFAULT);
INSERT INTO `fonade_db`.`app_ciudad` (`codigo_dane`, `ciudad`, `departamento_dane`, `updated_at`) VALUES (47030, 'Algarrobo', 47, DEFAULT);
INSERT INTO `fonade_db`.`app_ciudad` (`codigo_dane`, `ciudad`, `departamento_dane`, `updated_at`) VALUES (47053, 'Aracataca', 47, DEFAULT);
INSERT INTO `fonade_db`.`app_ciudad` (`codigo_dane`, `ciudad`, `departamento_dane`, `updated_at`) VALUES (47058, 'Ariguaní', 47, DEFAULT);
INSERT INTO `fonade_db`.`app_ciudad` (`codigo_dane`, `ciudad`, `departamento_dane`, `updated_at`) VALUES (47161, 'Cerro San Antonio', 47, DEFAULT);
INSERT INTO `fonade_db`.`app_ciudad` (`codigo_dane`, `ciudad`, `departamento_dane`, `updated_at`) VALUES (47170, 'Chivolo', 47, DEFAULT);
INSERT INTO `fonade_db`.`app_ciudad` (`codigo_dane`, `ciudad`, `departamento_dane`, `updated_at`) VALUES (47189, 'Ciénaga', 47, DEFAULT);
INSERT INTO `fonade_db`.`app_ciudad` (`codigo_dane`, `ciudad`, `departamento_dane`, `updated_at`) VALUES (47205, 'Concordia', 47, DEFAULT);
INSERT INTO `fonade_db`.`app_ciudad` (`codigo_dane`, `ciudad`, `departamento_dane`, `updated_at`) VALUES (47245, 'El Banco', 47, DEFAULT);
INSERT INTO `fonade_db`.`app_ciudad` (`codigo_dane`, `ciudad`, `departamento_dane`, `updated_at`) VALUES (47258, 'El Piñon', 47, DEFAULT);
INSERT INTO `fonade_db`.`app_ciudad` (`codigo_dane`, `ciudad`, `departamento_dane`, `updated_at`) VALUES (47268, 'El Retén', 47, DEFAULT);
INSERT INTO `fonade_db`.`app_ciudad` (`codigo_dane`, `ciudad`, `departamento_dane`, `updated_at`) VALUES (47288, 'Fundación', 47, DEFAULT);
INSERT INTO `fonade_db`.`app_ciudad` (`codigo_dane`, `ciudad`, `departamento_dane`, `updated_at`) VALUES (47318, 'Guamal', 47, DEFAULT);
INSERT INTO `fonade_db`.`app_ciudad` (`codigo_dane`, `ciudad`, `departamento_dane`, `updated_at`) VALUES (47460, 'Nueva Granada', 47, DEFAULT);
INSERT INTO `fonade_db`.`app_ciudad` (`codigo_dane`, `ciudad`, `departamento_dane`, `updated_at`) VALUES (47541, 'Pedraza', 47, DEFAULT);
INSERT INTO `fonade_db`.`app_ciudad` (`codigo_dane`, `ciudad`, `departamento_dane`, `updated_at`) VALUES (47545, 'Pijiño del Carmen', 47, DEFAULT);
INSERT INTO `fonade_db`.`app_ciudad` (`codigo_dane`, `ciudad`, `departamento_dane`, `updated_at`) VALUES (47551, 'Pivijay', 47, DEFAULT);
INSERT INTO `fonade_db`.`app_ciudad` (`codigo_dane`, `ciudad`, `departamento_dane`, `updated_at`) VALUES (47555, 'Plato', 47, DEFAULT);
INSERT INTO `fonade_db`.`app_ciudad` (`codigo_dane`, `ciudad`, `departamento_dane`, `updated_at`) VALUES (47570, 'Pueblo Viejo', 47, DEFAULT);
INSERT INTO `fonade_db`.`app_ciudad` (`codigo_dane`, `ciudad`, `departamento_dane`, `updated_at`) VALUES (47605, 'Remolino', 47, DEFAULT);
INSERT INTO `fonade_db`.`app_ciudad` (`codigo_dane`, `ciudad`, `departamento_dane`, `updated_at`) VALUES (47660, 'Sabanas de San Angel', 47, DEFAULT);
INSERT INTO `fonade_db`.`app_ciudad` (`codigo_dane`, `ciudad`, `departamento_dane`, `updated_at`) VALUES (47675, 'Salamina', 47, DEFAULT);
INSERT INTO `fonade_db`.`app_ciudad` (`codigo_dane`, `ciudad`, `departamento_dane`, `updated_at`) VALUES (47692, 'San Sebastián de Buenavista', 47, DEFAULT);
INSERT INTO `fonade_db`.`app_ciudad` (`codigo_dane`, `ciudad`, `departamento_dane`, `updated_at`) VALUES (47703, 'San Zenón', 47, DEFAULT);
INSERT INTO `fonade_db`.`app_ciudad` (`codigo_dane`, `ciudad`, `departamento_dane`, `updated_at`) VALUES (47707, 'Santa Ana', 47, DEFAULT);
INSERT INTO `fonade_db`.`app_ciudad` (`codigo_dane`, `ciudad`, `departamento_dane`, `updated_at`) VALUES (47720, 'Santa Bárbara de Pinto', 47, DEFAULT);
INSERT INTO `fonade_db`.`app_ciudad` (`codigo_dane`, `ciudad`, `departamento_dane`, `updated_at`) VALUES (47745, 'Sitionuevo', 47, DEFAULT);
INSERT INTO `fonade_db`.`app_ciudad` (`codigo_dane`, `ciudad`, `departamento_dane`, `updated_at`) VALUES (47798, 'Tenerife', 47, DEFAULT);
INSERT INTO `fonade_db`.`app_ciudad` (`codigo_dane`, `ciudad`, `departamento_dane`, `updated_at`) VALUES (47960, 'Zapayán', 47, DEFAULT);
INSERT INTO `fonade_db`.`app_ciudad` (`codigo_dane`, `ciudad`, `departamento_dane`, `updated_at`) VALUES (47980, 'Zona Bananera', 47, DEFAULT);
INSERT INTO `fonade_db`.`app_ciudad` (`codigo_dane`, `ciudad`, `departamento_dane`, `updated_at`) VALUES (50001, 'Villavicencio', 50, DEFAULT);
INSERT INTO `fonade_db`.`app_ciudad` (`codigo_dane`, `ciudad`, `departamento_dane`, `updated_at`) VALUES (50006, 'Acacias', 50, DEFAULT);
INSERT INTO `fonade_db`.`app_ciudad` (`codigo_dane`, `ciudad`, `departamento_dane`, `updated_at`) VALUES (50110, 'Barranca de Upía', 50, DEFAULT);
INSERT INTO `fonade_db`.`app_ciudad` (`codigo_dane`, `ciudad`, `departamento_dane`, `updated_at`) VALUES (50124, 'Cabuyaro', 50, DEFAULT);
INSERT INTO `fonade_db`.`app_ciudad` (`codigo_dane`, `ciudad`, `departamento_dane`, `updated_at`) VALUES (50150, 'Castilla la Nueva', 50, DEFAULT);
INSERT INTO `fonade_db`.`app_ciudad` (`codigo_dane`, `ciudad`, `departamento_dane`, `updated_at`) VALUES (50223, 'Cubarral', 50, DEFAULT);
INSERT INTO `fonade_db`.`app_ciudad` (`codigo_dane`, `ciudad`, `departamento_dane`, `updated_at`) VALUES (50226, 'Cumaral', 50, DEFAULT);
INSERT INTO `fonade_db`.`app_ciudad` (`codigo_dane`, `ciudad`, `departamento_dane`, `updated_at`) VALUES (50245, 'El Calvario', 50, DEFAULT);
INSERT INTO `fonade_db`.`app_ciudad` (`codigo_dane`, `ciudad`, `departamento_dane`, `updated_at`) VALUES (50251, 'El Castillo', 50, DEFAULT);
INSERT INTO `fonade_db`.`app_ciudad` (`codigo_dane`, `ciudad`, `departamento_dane`, `updated_at`) VALUES (50270, 'El Dorado', 50, DEFAULT);
INSERT INTO `fonade_db`.`app_ciudad` (`codigo_dane`, `ciudad`, `departamento_dane`, `updated_at`) VALUES (50287, 'Fuente de Oro', 50, DEFAULT);
INSERT INTO `fonade_db`.`app_ciudad` (`codigo_dane`, `ciudad`, `departamento_dane`, `updated_at`) VALUES (50313, 'Granada', 50, DEFAULT);
INSERT INTO `fonade_db`.`app_ciudad` (`codigo_dane`, `ciudad`, `departamento_dane`, `updated_at`) VALUES (50318, 'Guamal', 50, DEFAULT);
INSERT INTO `fonade_db`.`app_ciudad` (`codigo_dane`, `ciudad`, `departamento_dane`, `updated_at`) VALUES (50325, 'Mapiripán', 50, DEFAULT);
INSERT INTO `fonade_db`.`app_ciudad` (`codigo_dane`, `ciudad`, `departamento_dane`, `updated_at`) VALUES (50330, 'Mesetas', 50, DEFAULT);
INSERT INTO `fonade_db`.`app_ciudad` (`codigo_dane`, `ciudad`, `departamento_dane`, `updated_at`) VALUES (50350, 'La Macarena', 50, DEFAULT);
INSERT INTO `fonade_db`.`app_ciudad` (`codigo_dane`, `ciudad`, `departamento_dane`, `updated_at`) VALUES (50370, 'Uribe', 50, DEFAULT);
INSERT INTO `fonade_db`.`app_ciudad` (`codigo_dane`, `ciudad`, `departamento_dane`, `updated_at`) VALUES (50400, 'Lejanías', 50, DEFAULT);
INSERT INTO `fonade_db`.`app_ciudad` (`codigo_dane`, `ciudad`, `departamento_dane`, `updated_at`) VALUES (50450, 'Puerto Concordia', 50, DEFAULT);
INSERT INTO `fonade_db`.`app_ciudad` (`codigo_dane`, `ciudad`, `departamento_dane`, `updated_at`) VALUES (50568, 'Puerto Gaitán', 50, DEFAULT);
INSERT INTO `fonade_db`.`app_ciudad` (`codigo_dane`, `ciudad`, `departamento_dane`, `updated_at`) VALUES (50573, 'Puerto López', 50, DEFAULT);
INSERT INTO `fonade_db`.`app_ciudad` (`codigo_dane`, `ciudad`, `departamento_dane`, `updated_at`) VALUES (50577, 'Puerto Lleras', 50, DEFAULT);
INSERT INTO `fonade_db`.`app_ciudad` (`codigo_dane`, `ciudad`, `departamento_dane`, `updated_at`) VALUES (50590, 'Puerto Rico', 50, DEFAULT);
INSERT INTO `fonade_db`.`app_ciudad` (`codigo_dane`, `ciudad`, `departamento_dane`, `updated_at`) VALUES (50606, 'Restrepo', 50, DEFAULT);
INSERT INTO `fonade_db`.`app_ciudad` (`codigo_dane`, `ciudad`, `departamento_dane`, `updated_at`) VALUES (50680, 'San Carlos de Guaroa', 50, DEFAULT);
INSERT INTO `fonade_db`.`app_ciudad` (`codigo_dane`, `ciudad`, `departamento_dane`, `updated_at`) VALUES (50683, 'San Juan de Arama', 50, DEFAULT);
INSERT INTO `fonade_db`.`app_ciudad` (`codigo_dane`, `ciudad`, `departamento_dane`, `updated_at`) VALUES (50686, 'San Juanito', 50, DEFAULT);
INSERT INTO `fonade_db`.`app_ciudad` (`codigo_dane`, `ciudad`, `departamento_dane`, `updated_at`) VALUES (50689, 'San Martín', 50, DEFAULT);
INSERT INTO `fonade_db`.`app_ciudad` (`codigo_dane`, `ciudad`, `departamento_dane`, `updated_at`) VALUES (50711, 'Vista Hermosa', 50, DEFAULT);
INSERT INTO `fonade_db`.`app_ciudad` (`codigo_dane`, `ciudad`, `departamento_dane`, `updated_at`) VALUES (52001, 'Pasto', 52, DEFAULT);
INSERT INTO `fonade_db`.`app_ciudad` (`codigo_dane`, `ciudad`, `departamento_dane`, `updated_at`) VALUES (52019, 'Albán', 52, DEFAULT);
INSERT INTO `fonade_db`.`app_ciudad` (`codigo_dane`, `ciudad`, `departamento_dane`, `updated_at`) VALUES (52022, 'Aldana', 52, DEFAULT);
INSERT INTO `fonade_db`.`app_ciudad` (`codigo_dane`, `ciudad`, `departamento_dane`, `updated_at`) VALUES (52036, 'Ancuyá', 52, DEFAULT);
INSERT INTO `fonade_db`.`app_ciudad` (`codigo_dane`, `ciudad`, `departamento_dane`, `updated_at`) VALUES (52051, 'Arboleda', 52, DEFAULT);
INSERT INTO `fonade_db`.`app_ciudad` (`codigo_dane`, `ciudad`, `departamento_dane`, `updated_at`) VALUES (52079, 'Barbacoas', 52, DEFAULT);
INSERT INTO `fonade_db`.`app_ciudad` (`codigo_dane`, `ciudad`, `departamento_dane`, `updated_at`) VALUES (52083, 'Belén', 52, DEFAULT);
INSERT INTO `fonade_db`.`app_ciudad` (`codigo_dane`, `ciudad`, `departamento_dane`, `updated_at`) VALUES (52110, 'Buesaco', 52, DEFAULT);
INSERT INTO `fonade_db`.`app_ciudad` (`codigo_dane`, `ciudad`, `departamento_dane`, `updated_at`) VALUES (52203, 'Colón', 52, DEFAULT);
INSERT INTO `fonade_db`.`app_ciudad` (`codigo_dane`, `ciudad`, `departamento_dane`, `updated_at`) VALUES (52207, 'Consaca', 52, DEFAULT);
INSERT INTO `fonade_db`.`app_ciudad` (`codigo_dane`, `ciudad`, `departamento_dane`, `updated_at`) VALUES (52210, 'Contadero', 52, DEFAULT);
INSERT INTO `fonade_db`.`app_ciudad` (`codigo_dane`, `ciudad`, `departamento_dane`, `updated_at`) VALUES (52215, 'Córdoba', 52, DEFAULT);
INSERT INTO `fonade_db`.`app_ciudad` (`codigo_dane`, `ciudad`, `departamento_dane`, `updated_at`) VALUES (52224, 'Cuaspud', 52, DEFAULT);
INSERT INTO `fonade_db`.`app_ciudad` (`codigo_dane`, `ciudad`, `departamento_dane`, `updated_at`) VALUES (52227, 'Cumbal', 52, DEFAULT);
INSERT INTO `fonade_db`.`app_ciudad` (`codigo_dane`, `ciudad`, `departamento_dane`, `updated_at`) VALUES (52233, 'Cumbitara', 52, DEFAULT);
INSERT INTO `fonade_db`.`app_ciudad` (`codigo_dane`, `ciudad`, `departamento_dane`, `updated_at`) VALUES (52240, 'Chachagüí', 52, DEFAULT);
INSERT INTO `fonade_db`.`app_ciudad` (`codigo_dane`, `ciudad`, `departamento_dane`, `updated_at`) VALUES (52250, 'El Charco', 52, DEFAULT);
INSERT INTO `fonade_db`.`app_ciudad` (`codigo_dane`, `ciudad`, `departamento_dane`, `updated_at`) VALUES (52254, 'El Peñol', 52, DEFAULT);
INSERT INTO `fonade_db`.`app_ciudad` (`codigo_dane`, `ciudad`, `departamento_dane`, `updated_at`) VALUES (52256, 'El Rosario', 52, DEFAULT);
INSERT INTO `fonade_db`.`app_ciudad` (`codigo_dane`, `ciudad`, `departamento_dane`, `updated_at`) VALUES (52258, 'El Tablón de Gómez', 52, DEFAULT);
INSERT INTO `fonade_db`.`app_ciudad` (`codigo_dane`, `ciudad`, `departamento_dane`, `updated_at`) VALUES (52260, 'El Tambo', 52, DEFAULT);
INSERT INTO `fonade_db`.`app_ciudad` (`codigo_dane`, `ciudad`, `departamento_dane`, `updated_at`) VALUES (52287, 'Funes', 52, DEFAULT);
INSERT INTO `fonade_db`.`app_ciudad` (`codigo_dane`, `ciudad`, `departamento_dane`, `updated_at`) VALUES (52317, 'Guachucal', 52, DEFAULT);
INSERT INTO `fonade_db`.`app_ciudad` (`codigo_dane`, `ciudad`, `departamento_dane`, `updated_at`) VALUES (52320, 'Guaitarilla', 52, DEFAULT);
INSERT INTO `fonade_db`.`app_ciudad` (`codigo_dane`, `ciudad`, `departamento_dane`, `updated_at`) VALUES (52323, 'Gualmatán', 52, DEFAULT);
INSERT INTO `fonade_db`.`app_ciudad` (`codigo_dane`, `ciudad`, `departamento_dane`, `updated_at`) VALUES (52352, 'Iles', 52, DEFAULT);
INSERT INTO `fonade_db`.`app_ciudad` (`codigo_dane`, `ciudad`, `departamento_dane`, `updated_at`) VALUES (52354, 'Imués', 52, DEFAULT);
INSERT INTO `fonade_db`.`app_ciudad` (`codigo_dane`, `ciudad`, `departamento_dane`, `updated_at`) VALUES (52356, 'Ipiales', 52, DEFAULT);
INSERT INTO `fonade_db`.`app_ciudad` (`codigo_dane`, `ciudad`, `departamento_dane`, `updated_at`) VALUES (52378, 'La Cruz', 52, DEFAULT);
INSERT INTO `fonade_db`.`app_ciudad` (`codigo_dane`, `ciudad`, `departamento_dane`, `updated_at`) VALUES (52381, 'La Florida', 52, DEFAULT);
INSERT INTO `fonade_db`.`app_ciudad` (`codigo_dane`, `ciudad`, `departamento_dane`, `updated_at`) VALUES (52385, 'La Llanada', 52, DEFAULT);
INSERT INTO `fonade_db`.`app_ciudad` (`codigo_dane`, `ciudad`, `departamento_dane`, `updated_at`) VALUES (52390, 'La Tola', 52, DEFAULT);
INSERT INTO `fonade_db`.`app_ciudad` (`codigo_dane`, `ciudad`, `departamento_dane`, `updated_at`) VALUES (52399, 'La Unión', 52, DEFAULT);
INSERT INTO `fonade_db`.`app_ciudad` (`codigo_dane`, `ciudad`, `departamento_dane`, `updated_at`) VALUES (52405, 'Leiva', 52, DEFAULT);
INSERT INTO `fonade_db`.`app_ciudad` (`codigo_dane`, `ciudad`, `departamento_dane`, `updated_at`) VALUES (52411, 'Linares', 52, DEFAULT);
INSERT INTO `fonade_db`.`app_ciudad` (`codigo_dane`, `ciudad`, `departamento_dane`, `updated_at`) VALUES (52418, 'Los Andes', 52, DEFAULT);
INSERT INTO `fonade_db`.`app_ciudad` (`codigo_dane`, `ciudad`, `departamento_dane`, `updated_at`) VALUES (52427, 'Magüí', 52, DEFAULT);
INSERT INTO `fonade_db`.`app_ciudad` (`codigo_dane`, `ciudad`, `departamento_dane`, `updated_at`) VALUES (52435, 'Mallama', 52, DEFAULT);
INSERT INTO `fonade_db`.`app_ciudad` (`codigo_dane`, `ciudad`, `departamento_dane`, `updated_at`) VALUES (52473, 'Mosquera', 52, DEFAULT);
INSERT INTO `fonade_db`.`app_ciudad` (`codigo_dane`, `ciudad`, `departamento_dane`, `updated_at`) VALUES (52480, 'Nariño', 52, DEFAULT);
INSERT INTO `fonade_db`.`app_ciudad` (`codigo_dane`, `ciudad`, `departamento_dane`, `updated_at`) VALUES (52490, 'Olaya Herrera', 52, DEFAULT);
INSERT INTO `fonade_db`.`app_ciudad` (`codigo_dane`, `ciudad`, `departamento_dane`, `updated_at`) VALUES (52506, 'Ospina', 52, DEFAULT);
INSERT INTO `fonade_db`.`app_ciudad` (`codigo_dane`, `ciudad`, `departamento_dane`, `updated_at`) VALUES (52520, 'Francisco Pizarro', 52, DEFAULT);
INSERT INTO `fonade_db`.`app_ciudad` (`codigo_dane`, `ciudad`, `departamento_dane`, `updated_at`) VALUES (52540, 'Policarpa', 52, DEFAULT);
INSERT INTO `fonade_db`.`app_ciudad` (`codigo_dane`, `ciudad`, `departamento_dane`, `updated_at`) VALUES (52560, 'Potosí', 52, DEFAULT);
INSERT INTO `fonade_db`.`app_ciudad` (`codigo_dane`, `ciudad`, `departamento_dane`, `updated_at`) VALUES (52565, 'Providencia', 52, DEFAULT);
INSERT INTO `fonade_db`.`app_ciudad` (`codigo_dane`, `ciudad`, `departamento_dane`, `updated_at`) VALUES (52573, 'Puerres', 52, DEFAULT);
INSERT INTO `fonade_db`.`app_ciudad` (`codigo_dane`, `ciudad`, `departamento_dane`, `updated_at`) VALUES (52585, 'Pupiales', 52, DEFAULT);
INSERT INTO `fonade_db`.`app_ciudad` (`codigo_dane`, `ciudad`, `departamento_dane`, `updated_at`) VALUES (52612, 'Ricaurte', 52, DEFAULT);
INSERT INTO `fonade_db`.`app_ciudad` (`codigo_dane`, `ciudad`, `departamento_dane`, `updated_at`) VALUES (52621, 'Roberto Payán', 52, DEFAULT);
INSERT INTO `fonade_db`.`app_ciudad` (`codigo_dane`, `ciudad`, `departamento_dane`, `updated_at`) VALUES (52678, 'Samaniego', 52, DEFAULT);
INSERT INTO `fonade_db`.`app_ciudad` (`codigo_dane`, `ciudad`, `departamento_dane`, `updated_at`) VALUES (52683, 'Sandoná', 52, DEFAULT);
INSERT INTO `fonade_db`.`app_ciudad` (`codigo_dane`, `ciudad`, `departamento_dane`, `updated_at`) VALUES (52685, 'San Bernardo', 52, DEFAULT);
INSERT INTO `fonade_db`.`app_ciudad` (`codigo_dane`, `ciudad`, `departamento_dane`, `updated_at`) VALUES (52687, 'San Lorenzo', 52, DEFAULT);
INSERT INTO `fonade_db`.`app_ciudad` (`codigo_dane`, `ciudad`, `departamento_dane`, `updated_at`) VALUES (52693, 'San Pablo', 52, DEFAULT);
INSERT INTO `fonade_db`.`app_ciudad` (`codigo_dane`, `ciudad`, `departamento_dane`, `updated_at`) VALUES (52694, 'San Pedro de Cartago', 52, DEFAULT);
INSERT INTO `fonade_db`.`app_ciudad` (`codigo_dane`, `ciudad`, `departamento_dane`, `updated_at`) VALUES (52696, 'Santa Bárbara', 52, DEFAULT);
INSERT INTO `fonade_db`.`app_ciudad` (`codigo_dane`, `ciudad`, `departamento_dane`, `updated_at`) VALUES (52699, 'Santacruz', 52, DEFAULT);
INSERT INTO `fonade_db`.`app_ciudad` (`codigo_dane`, `ciudad`, `departamento_dane`, `updated_at`) VALUES (52720, 'Sapuyes', 52, DEFAULT);
INSERT INTO `fonade_db`.`app_ciudad` (`codigo_dane`, `ciudad`, `departamento_dane`, `updated_at`) VALUES (52786, 'Taminango', 52, DEFAULT);
INSERT INTO `fonade_db`.`app_ciudad` (`codigo_dane`, `ciudad`, `departamento_dane`, `updated_at`) VALUES (52788, 'Tangua', 52, DEFAULT);
INSERT INTO `fonade_db`.`app_ciudad` (`codigo_dane`, `ciudad`, `departamento_dane`, `updated_at`) VALUES (52835, 'San Andrés de Tumaco', 52, DEFAULT);
INSERT INTO `fonade_db`.`app_ciudad` (`codigo_dane`, `ciudad`, `departamento_dane`, `updated_at`) VALUES (52838, 'Túquerres', 52, DEFAULT);
INSERT INTO `fonade_db`.`app_ciudad` (`codigo_dane`, `ciudad`, `departamento_dane`, `updated_at`) VALUES (52885, 'Yacuanquer', 52, DEFAULT);
INSERT INTO `fonade_db`.`app_ciudad` (`codigo_dane`, `ciudad`, `departamento_dane`, `updated_at`) VALUES (54001, 'Cúcuta', 54, DEFAULT);
INSERT INTO `fonade_db`.`app_ciudad` (`codigo_dane`, `ciudad`, `departamento_dane`, `updated_at`) VALUES (54003, 'Abrego', 54, DEFAULT);
INSERT INTO `fonade_db`.`app_ciudad` (`codigo_dane`, `ciudad`, `departamento_dane`, `updated_at`) VALUES (54051, 'Arboledas', 54, DEFAULT);
INSERT INTO `fonade_db`.`app_ciudad` (`codigo_dane`, `ciudad`, `departamento_dane`, `updated_at`) VALUES (54099, 'Bochalema', 54, DEFAULT);
INSERT INTO `fonade_db`.`app_ciudad` (`codigo_dane`, `ciudad`, `departamento_dane`, `updated_at`) VALUES (54109, 'Bucarasica', 54, DEFAULT);
INSERT INTO `fonade_db`.`app_ciudad` (`codigo_dane`, `ciudad`, `departamento_dane`, `updated_at`) VALUES (54125, 'Cácota', 54, DEFAULT);
INSERT INTO `fonade_db`.`app_ciudad` (`codigo_dane`, `ciudad`, `departamento_dane`, `updated_at`) VALUES (54128, 'Cachirá', 54, DEFAULT);
INSERT INTO `fonade_db`.`app_ciudad` (`codigo_dane`, `ciudad`, `departamento_dane`, `updated_at`) VALUES (54172, 'Chinácota', 54, DEFAULT);
INSERT INTO `fonade_db`.`app_ciudad` (`codigo_dane`, `ciudad`, `departamento_dane`, `updated_at`) VALUES (54174, 'Chitagá', 54, DEFAULT);
INSERT INTO `fonade_db`.`app_ciudad` (`codigo_dane`, `ciudad`, `departamento_dane`, `updated_at`) VALUES (54206, 'Convención', 54, DEFAULT);
INSERT INTO `fonade_db`.`app_ciudad` (`codigo_dane`, `ciudad`, `departamento_dane`, `updated_at`) VALUES (54223, 'Cucutilla', 54, DEFAULT);
INSERT INTO `fonade_db`.`app_ciudad` (`codigo_dane`, `ciudad`, `departamento_dane`, `updated_at`) VALUES (54239, 'Durania', 54, DEFAULT);
INSERT INTO `fonade_db`.`app_ciudad` (`codigo_dane`, `ciudad`, `departamento_dane`, `updated_at`) VALUES (54245, 'El Carmen', 54, DEFAULT);
INSERT INTO `fonade_db`.`app_ciudad` (`codigo_dane`, `ciudad`, `departamento_dane`, `updated_at`) VALUES (54250, 'El Tarra', 54, DEFAULT);
INSERT INTO `fonade_db`.`app_ciudad` (`codigo_dane`, `ciudad`, `departamento_dane`, `updated_at`) VALUES (54261, 'El Zulia', 54, DEFAULT);
INSERT INTO `fonade_db`.`app_ciudad` (`codigo_dane`, `ciudad`, `departamento_dane`, `updated_at`) VALUES (54313, 'Gramalote', 54, DEFAULT);
INSERT INTO `fonade_db`.`app_ciudad` (`codigo_dane`, `ciudad`, `departamento_dane`, `updated_at`) VALUES (54344, 'Hacarí', 54, DEFAULT);
INSERT INTO `fonade_db`.`app_ciudad` (`codigo_dane`, `ciudad`, `departamento_dane`, `updated_at`) VALUES (54347, 'Herrán', 54, DEFAULT);
INSERT INTO `fonade_db`.`app_ciudad` (`codigo_dane`, `ciudad`, `departamento_dane`, `updated_at`) VALUES (54377, 'Labateca', 54, DEFAULT);
INSERT INTO `fonade_db`.`app_ciudad` (`codigo_dane`, `ciudad`, `departamento_dane`, `updated_at`) VALUES (54385, 'La Esperanza', 54, DEFAULT);
INSERT INTO `fonade_db`.`app_ciudad` (`codigo_dane`, `ciudad`, `departamento_dane`, `updated_at`) VALUES (54398, 'La Playa', 54, DEFAULT);
INSERT INTO `fonade_db`.`app_ciudad` (`codigo_dane`, `ciudad`, `departamento_dane`, `updated_at`) VALUES (54405, 'Los Patios', 54, DEFAULT);
INSERT INTO `fonade_db`.`app_ciudad` (`codigo_dane`, `ciudad`, `departamento_dane`, `updated_at`) VALUES (54418, 'Lourdes', 54, DEFAULT);
INSERT INTO `fonade_db`.`app_ciudad` (`codigo_dane`, `ciudad`, `departamento_dane`, `updated_at`) VALUES (54480, 'Mutiscua', 54, DEFAULT);
INSERT INTO `fonade_db`.`app_ciudad` (`codigo_dane`, `ciudad`, `departamento_dane`, `updated_at`) VALUES (54498, 'Ocaña', 54, DEFAULT);
INSERT INTO `fonade_db`.`app_ciudad` (`codigo_dane`, `ciudad`, `departamento_dane`, `updated_at`) VALUES (54518, 'Pamplona', 54, DEFAULT);
INSERT INTO `fonade_db`.`app_ciudad` (`codigo_dane`, `ciudad`, `departamento_dane`, `updated_at`) VALUES (54520, 'Pamplonita', 54, DEFAULT);
INSERT INTO `fonade_db`.`app_ciudad` (`codigo_dane`, `ciudad`, `departamento_dane`, `updated_at`) VALUES (54553, 'Puerto Santander', 54, DEFAULT);
INSERT INTO `fonade_db`.`app_ciudad` (`codigo_dane`, `ciudad`, `departamento_dane`, `updated_at`) VALUES (54599, 'Ragonvalia', 54, DEFAULT);
INSERT INTO `fonade_db`.`app_ciudad` (`codigo_dane`, `ciudad`, `departamento_dane`, `updated_at`) VALUES (54660, 'Salazar', 54, DEFAULT);
INSERT INTO `fonade_db`.`app_ciudad` (`codigo_dane`, `ciudad`, `departamento_dane`, `updated_at`) VALUES (54670, 'San Calixto', 54, DEFAULT);
INSERT INTO `fonade_db`.`app_ciudad` (`codigo_dane`, `ciudad`, `departamento_dane`, `updated_at`) VALUES (54673, 'San Cayetano', 54, DEFAULT);
INSERT INTO `fonade_db`.`app_ciudad` (`codigo_dane`, `ciudad`, `departamento_dane`, `updated_at`) VALUES (54680, 'Santiago', 54, DEFAULT);
INSERT INTO `fonade_db`.`app_ciudad` (`codigo_dane`, `ciudad`, `departamento_dane`, `updated_at`) VALUES (54720, 'Sardinata', 54, DEFAULT);
INSERT INTO `fonade_db`.`app_ciudad` (`codigo_dane`, `ciudad`, `departamento_dane`, `updated_at`) VALUES (54743, 'Silos', 54, DEFAULT);
INSERT INTO `fonade_db`.`app_ciudad` (`codigo_dane`, `ciudad`, `departamento_dane`, `updated_at`) VALUES (54800, 'Teorama', 54, DEFAULT);
INSERT INTO `fonade_db`.`app_ciudad` (`codigo_dane`, `ciudad`, `departamento_dane`, `updated_at`) VALUES (54810, 'Tibú', 54, DEFAULT);
INSERT INTO `fonade_db`.`app_ciudad` (`codigo_dane`, `ciudad`, `departamento_dane`, `updated_at`) VALUES (54820, 'Toledo', 54, DEFAULT);
INSERT INTO `fonade_db`.`app_ciudad` (`codigo_dane`, `ciudad`, `departamento_dane`, `updated_at`) VALUES (54871, 'Villa Caro', 54, DEFAULT);
INSERT INTO `fonade_db`.`app_ciudad` (`codigo_dane`, `ciudad`, `departamento_dane`, `updated_at`) VALUES (54874, 'Villa del Rosario', 54, DEFAULT);
INSERT INTO `fonade_db`.`app_ciudad` (`codigo_dane`, `ciudad`, `departamento_dane`, `updated_at`) VALUES (63001, 'Armenia', 63, DEFAULT);
INSERT INTO `fonade_db`.`app_ciudad` (`codigo_dane`, `ciudad`, `departamento_dane`, `updated_at`) VALUES (63111, 'Buenavista', 63, DEFAULT);
INSERT INTO `fonade_db`.`app_ciudad` (`codigo_dane`, `ciudad`, `departamento_dane`, `updated_at`) VALUES (63130, 'Calarcá', 63, DEFAULT);
INSERT INTO `fonade_db`.`app_ciudad` (`codigo_dane`, `ciudad`, `departamento_dane`, `updated_at`) VALUES (63190, 'Circasia', 63, DEFAULT);
INSERT INTO `fonade_db`.`app_ciudad` (`codigo_dane`, `ciudad`, `departamento_dane`, `updated_at`) VALUES (63212, 'Córdoba', 63, DEFAULT);
INSERT INTO `fonade_db`.`app_ciudad` (`codigo_dane`, `ciudad`, `departamento_dane`, `updated_at`) VALUES (63272, 'Filandia', 63, DEFAULT);
INSERT INTO `fonade_db`.`app_ciudad` (`codigo_dane`, `ciudad`, `departamento_dane`, `updated_at`) VALUES (63302, 'Génova', 63, DEFAULT);
INSERT INTO `fonade_db`.`app_ciudad` (`codigo_dane`, `ciudad`, `departamento_dane`, `updated_at`) VALUES (63401, 'La Tebaida', 63, DEFAULT);
INSERT INTO `fonade_db`.`app_ciudad` (`codigo_dane`, `ciudad`, `departamento_dane`, `updated_at`) VALUES (63470, 'Montenegro', 63, DEFAULT);
INSERT INTO `fonade_db`.`app_ciudad` (`codigo_dane`, `ciudad`, `departamento_dane`, `updated_at`) VALUES (63548, 'Pijao', 63, DEFAULT);
INSERT INTO `fonade_db`.`app_ciudad` (`codigo_dane`, `ciudad`, `departamento_dane`, `updated_at`) VALUES (63594, 'Quimbaya', 63, DEFAULT);
INSERT INTO `fonade_db`.`app_ciudad` (`codigo_dane`, `ciudad`, `departamento_dane`, `updated_at`) VALUES (63690, 'Salento', 63, DEFAULT);
INSERT INTO `fonade_db`.`app_ciudad` (`codigo_dane`, `ciudad`, `departamento_dane`, `updated_at`) VALUES (66001, 'Pereira', 66, DEFAULT);
INSERT INTO `fonade_db`.`app_ciudad` (`codigo_dane`, `ciudad`, `departamento_dane`, `updated_at`) VALUES (66045, 'Apía', 66, DEFAULT);
INSERT INTO `fonade_db`.`app_ciudad` (`codigo_dane`, `ciudad`, `departamento_dane`, `updated_at`) VALUES (66075, 'Balboa', 66, DEFAULT);
INSERT INTO `fonade_db`.`app_ciudad` (`codigo_dane`, `ciudad`, `departamento_dane`, `updated_at`) VALUES (66088, 'Belén de Umbría', 66, DEFAULT);
INSERT INTO `fonade_db`.`app_ciudad` (`codigo_dane`, `ciudad`, `departamento_dane`, `updated_at`) VALUES (66170, 'Dosquebradas', 66, DEFAULT);
INSERT INTO `fonade_db`.`app_ciudad` (`codigo_dane`, `ciudad`, `departamento_dane`, `updated_at`) VALUES (66318, 'Guática', 66, DEFAULT);
INSERT INTO `fonade_db`.`app_ciudad` (`codigo_dane`, `ciudad`, `departamento_dane`, `updated_at`) VALUES (66383, 'La Celia', 66, DEFAULT);
INSERT INTO `fonade_db`.`app_ciudad` (`codigo_dane`, `ciudad`, `departamento_dane`, `updated_at`) VALUES (66400, 'La Virginia', 66, DEFAULT);
INSERT INTO `fonade_db`.`app_ciudad` (`codigo_dane`, `ciudad`, `departamento_dane`, `updated_at`) VALUES (66440, 'Marsella', 66, DEFAULT);
INSERT INTO `fonade_db`.`app_ciudad` (`codigo_dane`, `ciudad`, `departamento_dane`, `updated_at`) VALUES (66456, 'Mistrató', 66, DEFAULT);
INSERT INTO `fonade_db`.`app_ciudad` (`codigo_dane`, `ciudad`, `departamento_dane`, `updated_at`) VALUES (66572, 'Pueblo Rico', 66, DEFAULT);
INSERT INTO `fonade_db`.`app_ciudad` (`codigo_dane`, `ciudad`, `departamento_dane`, `updated_at`) VALUES (66594, 'Quinchía', 66, DEFAULT);
INSERT INTO `fonade_db`.`app_ciudad` (`codigo_dane`, `ciudad`, `departamento_dane`, `updated_at`) VALUES (66682, 'Santa Rosa de Cabal', 66, DEFAULT);
INSERT INTO `fonade_db`.`app_ciudad` (`codigo_dane`, `ciudad`, `departamento_dane`, `updated_at`) VALUES (66687, 'Santuario', 66, DEFAULT);
INSERT INTO `fonade_db`.`app_ciudad` (`codigo_dane`, `ciudad`, `departamento_dane`, `updated_at`) VALUES (68001, 'Bucaramanga', 68, DEFAULT);
INSERT INTO `fonade_db`.`app_ciudad` (`codigo_dane`, `ciudad`, `departamento_dane`, `updated_at`) VALUES (68013, 'Aguada', 68, DEFAULT);
INSERT INTO `fonade_db`.`app_ciudad` (`codigo_dane`, `ciudad`, `departamento_dane`, `updated_at`) VALUES (68020, 'Albania', 68, DEFAULT);
INSERT INTO `fonade_db`.`app_ciudad` (`codigo_dane`, `ciudad`, `departamento_dane`, `updated_at`) VALUES (68051, 'Aratoca', 68, DEFAULT);
INSERT INTO `fonade_db`.`app_ciudad` (`codigo_dane`, `ciudad`, `departamento_dane`, `updated_at`) VALUES (68077, 'Barbosa', 68, DEFAULT);
INSERT INTO `fonade_db`.`app_ciudad` (`codigo_dane`, `ciudad`, `departamento_dane`, `updated_at`) VALUES (68079, 'Barichara', 68, DEFAULT);
INSERT INTO `fonade_db`.`app_ciudad` (`codigo_dane`, `ciudad`, `departamento_dane`, `updated_at`) VALUES (68081, 'Barrancabermeja', 68, DEFAULT);
INSERT INTO `fonade_db`.`app_ciudad` (`codigo_dane`, `ciudad`, `departamento_dane`, `updated_at`) VALUES (68092, 'Betulia', 68, DEFAULT);
INSERT INTO `fonade_db`.`app_ciudad` (`codigo_dane`, `ciudad`, `departamento_dane`, `updated_at`) VALUES (68101, 'Bolívar', 68, DEFAULT);
INSERT INTO `fonade_db`.`app_ciudad` (`codigo_dane`, `ciudad`, `departamento_dane`, `updated_at`) VALUES (68121, 'Cabrera', 68, DEFAULT);
INSERT INTO `fonade_db`.`app_ciudad` (`codigo_dane`, `ciudad`, `departamento_dane`, `updated_at`) VALUES (68132, 'California', 68, DEFAULT);
INSERT INTO `fonade_db`.`app_ciudad` (`codigo_dane`, `ciudad`, `departamento_dane`, `updated_at`) VALUES (68147, 'Capitanejo', 68, DEFAULT);
INSERT INTO `fonade_db`.`app_ciudad` (`codigo_dane`, `ciudad`, `departamento_dane`, `updated_at`) VALUES (68152, 'Carcasí', 68, DEFAULT);
INSERT INTO `fonade_db`.`app_ciudad` (`codigo_dane`, `ciudad`, `departamento_dane`, `updated_at`) VALUES (68160, 'Cepitá', 68, DEFAULT);
INSERT INTO `fonade_db`.`app_ciudad` (`codigo_dane`, `ciudad`, `departamento_dane`, `updated_at`) VALUES (68162, 'Cerrito', 68, DEFAULT);
INSERT INTO `fonade_db`.`app_ciudad` (`codigo_dane`, `ciudad`, `departamento_dane`, `updated_at`) VALUES (68167, 'Charalá', 68, DEFAULT);
INSERT INTO `fonade_db`.`app_ciudad` (`codigo_dane`, `ciudad`, `departamento_dane`, `updated_at`) VALUES (68169, 'Charta', 68, DEFAULT);
INSERT INTO `fonade_db`.`app_ciudad` (`codigo_dane`, `ciudad`, `departamento_dane`, `updated_at`) VALUES (68176, 'Chimá', 68, DEFAULT);
INSERT INTO `fonade_db`.`app_ciudad` (`codigo_dane`, `ciudad`, `departamento_dane`, `updated_at`) VALUES (68179, 'Chipatá', 68, DEFAULT);
INSERT INTO `fonade_db`.`app_ciudad` (`codigo_dane`, `ciudad`, `departamento_dane`, `updated_at`) VALUES (68190, 'Cimitarra', 68, DEFAULT);
INSERT INTO `fonade_db`.`app_ciudad` (`codigo_dane`, `ciudad`, `departamento_dane`, `updated_at`) VALUES (68207, 'Concepción', 68, DEFAULT);
INSERT INTO `fonade_db`.`app_ciudad` (`codigo_dane`, `ciudad`, `departamento_dane`, `updated_at`) VALUES (68209, 'Confines', 68, DEFAULT);
INSERT INTO `fonade_db`.`app_ciudad` (`codigo_dane`, `ciudad`, `departamento_dane`, `updated_at`) VALUES (68211, 'Contratación', 68, DEFAULT);
INSERT INTO `fonade_db`.`app_ciudad` (`codigo_dane`, `ciudad`, `departamento_dane`, `updated_at`) VALUES (68217, 'Coromoro', 68, DEFAULT);
INSERT INTO `fonade_db`.`app_ciudad` (`codigo_dane`, `ciudad`, `departamento_dane`, `updated_at`) VALUES (68229, 'Curití', 68, DEFAULT);
INSERT INTO `fonade_db`.`app_ciudad` (`codigo_dane`, `ciudad`, `departamento_dane`, `updated_at`) VALUES (68235, 'El Carmen de Chucurí', 68, DEFAULT);
INSERT INTO `fonade_db`.`app_ciudad` (`codigo_dane`, `ciudad`, `departamento_dane`, `updated_at`) VALUES (68245, 'El Guacamayo', 68, DEFAULT);
INSERT INTO `fonade_db`.`app_ciudad` (`codigo_dane`, `ciudad`, `departamento_dane`, `updated_at`) VALUES (68250, 'El Peñón', 68, DEFAULT);
INSERT INTO `fonade_db`.`app_ciudad` (`codigo_dane`, `ciudad`, `departamento_dane`, `updated_at`) VALUES (68255, 'El Playón', 68, DEFAULT);
INSERT INTO `fonade_db`.`app_ciudad` (`codigo_dane`, `ciudad`, `departamento_dane`, `updated_at`) VALUES (68264, 'Encino', 68, DEFAULT);
INSERT INTO `fonade_db`.`app_ciudad` (`codigo_dane`, `ciudad`, `departamento_dane`, `updated_at`) VALUES (68266, 'Enciso', 68, DEFAULT);
INSERT INTO `fonade_db`.`app_ciudad` (`codigo_dane`, `ciudad`, `departamento_dane`, `updated_at`) VALUES (68271, 'Florián', 68, DEFAULT);
INSERT INTO `fonade_db`.`app_ciudad` (`codigo_dane`, `ciudad`, `departamento_dane`, `updated_at`) VALUES (68276, 'Floridablanca', 68, DEFAULT);
INSERT INTO `fonade_db`.`app_ciudad` (`codigo_dane`, `ciudad`, `departamento_dane`, `updated_at`) VALUES (68296, 'Galán', 68, DEFAULT);
INSERT INTO `fonade_db`.`app_ciudad` (`codigo_dane`, `ciudad`, `departamento_dane`, `updated_at`) VALUES (68298, 'Gambita', 68, DEFAULT);
INSERT INTO `fonade_db`.`app_ciudad` (`codigo_dane`, `ciudad`, `departamento_dane`, `updated_at`) VALUES (68307, 'Girón', 68, DEFAULT);
INSERT INTO `fonade_db`.`app_ciudad` (`codigo_dane`, `ciudad`, `departamento_dane`, `updated_at`) VALUES (68318, 'Guaca', 68, DEFAULT);
INSERT INTO `fonade_db`.`app_ciudad` (`codigo_dane`, `ciudad`, `departamento_dane`, `updated_at`) VALUES (68320, 'Guadalupe', 68, DEFAULT);
INSERT INTO `fonade_db`.`app_ciudad` (`codigo_dane`, `ciudad`, `departamento_dane`, `updated_at`) VALUES (68322, 'Guapotá', 68, DEFAULT);
INSERT INTO `fonade_db`.`app_ciudad` (`codigo_dane`, `ciudad`, `departamento_dane`, `updated_at`) VALUES (68324, 'Guavatá', 68, DEFAULT);
INSERT INTO `fonade_db`.`app_ciudad` (`codigo_dane`, `ciudad`, `departamento_dane`, `updated_at`) VALUES (68327, 'Güepsa', 68, DEFAULT);
INSERT INTO `fonade_db`.`app_ciudad` (`codigo_dane`, `ciudad`, `departamento_dane`, `updated_at`) VALUES (68344, 'Hato', 68, DEFAULT);
INSERT INTO `fonade_db`.`app_ciudad` (`codigo_dane`, `ciudad`, `departamento_dane`, `updated_at`) VALUES (68368, 'Jesús María', 68, DEFAULT);
INSERT INTO `fonade_db`.`app_ciudad` (`codigo_dane`, `ciudad`, `departamento_dane`, `updated_at`) VALUES (68370, 'Jordán', 68, DEFAULT);
INSERT INTO `fonade_db`.`app_ciudad` (`codigo_dane`, `ciudad`, `departamento_dane`, `updated_at`) VALUES (68377, 'La Belleza', 68, DEFAULT);
INSERT INTO `fonade_db`.`app_ciudad` (`codigo_dane`, `ciudad`, `departamento_dane`, `updated_at`) VALUES (68385, 'Landázuri', 68, DEFAULT);
INSERT INTO `fonade_db`.`app_ciudad` (`codigo_dane`, `ciudad`, `departamento_dane`, `updated_at`) VALUES (68397, 'La Paz', 68, DEFAULT);
INSERT INTO `fonade_db`.`app_ciudad` (`codigo_dane`, `ciudad`, `departamento_dane`, `updated_at`) VALUES (68406, 'Lebríja', 68, DEFAULT);
INSERT INTO `fonade_db`.`app_ciudad` (`codigo_dane`, `ciudad`, `departamento_dane`, `updated_at`) VALUES (68418, 'Los Santos', 68, DEFAULT);
INSERT INTO `fonade_db`.`app_ciudad` (`codigo_dane`, `ciudad`, `departamento_dane`, `updated_at`) VALUES (68425, 'Macaravita', 68, DEFAULT);
INSERT INTO `fonade_db`.`app_ciudad` (`codigo_dane`, `ciudad`, `departamento_dane`, `updated_at`) VALUES (68432, 'Málaga', 68, DEFAULT);
INSERT INTO `fonade_db`.`app_ciudad` (`codigo_dane`, `ciudad`, `departamento_dane`, `updated_at`) VALUES (68444, 'Matanza', 68, DEFAULT);
INSERT INTO `fonade_db`.`app_ciudad` (`codigo_dane`, `ciudad`, `departamento_dane`, `updated_at`) VALUES (68464, 'Mogotes', 68, DEFAULT);
INSERT INTO `fonade_db`.`app_ciudad` (`codigo_dane`, `ciudad`, `departamento_dane`, `updated_at`) VALUES (68468, 'Molagavita', 68, DEFAULT);
INSERT INTO `fonade_db`.`app_ciudad` (`codigo_dane`, `ciudad`, `departamento_dane`, `updated_at`) VALUES (68498, 'Ocamonte', 68, DEFAULT);
INSERT INTO `fonade_db`.`app_ciudad` (`codigo_dane`, `ciudad`, `departamento_dane`, `updated_at`) VALUES (68500, 'Oiba', 68, DEFAULT);
INSERT INTO `fonade_db`.`app_ciudad` (`codigo_dane`, `ciudad`, `departamento_dane`, `updated_at`) VALUES (68502, 'Onzaga', 68, DEFAULT);
INSERT INTO `fonade_db`.`app_ciudad` (`codigo_dane`, `ciudad`, `departamento_dane`, `updated_at`) VALUES (68522, 'Palmar', 68, DEFAULT);
INSERT INTO `fonade_db`.`app_ciudad` (`codigo_dane`, `ciudad`, `departamento_dane`, `updated_at`) VALUES (68524, 'Palmas del Socorro', 68, DEFAULT);
INSERT INTO `fonade_db`.`app_ciudad` (`codigo_dane`, `ciudad`, `departamento_dane`, `updated_at`) VALUES (68533, 'Páramo', 68, DEFAULT);
INSERT INTO `fonade_db`.`app_ciudad` (`codigo_dane`, `ciudad`, `departamento_dane`, `updated_at`) VALUES (68547, 'Piedecuesta', 68, DEFAULT);
INSERT INTO `fonade_db`.`app_ciudad` (`codigo_dane`, `ciudad`, `departamento_dane`, `updated_at`) VALUES (68549, 'Pinchote', 68, DEFAULT);
INSERT INTO `fonade_db`.`app_ciudad` (`codigo_dane`, `ciudad`, `departamento_dane`, `updated_at`) VALUES (68572, 'Puente Nacional', 68, DEFAULT);
INSERT INTO `fonade_db`.`app_ciudad` (`codigo_dane`, `ciudad`, `departamento_dane`, `updated_at`) VALUES (68573, 'Puerto Parra', 68, DEFAULT);
INSERT INTO `fonade_db`.`app_ciudad` (`codigo_dane`, `ciudad`, `departamento_dane`, `updated_at`) VALUES (68575, 'Puerto Wilches', 68, DEFAULT);
INSERT INTO `fonade_db`.`app_ciudad` (`codigo_dane`, `ciudad`, `departamento_dane`, `updated_at`) VALUES (68615, 'Rionegro', 68, DEFAULT);
INSERT INTO `fonade_db`.`app_ciudad` (`codigo_dane`, `ciudad`, `departamento_dane`, `updated_at`) VALUES (68655, 'Sabana de Torres', 68, DEFAULT);
INSERT INTO `fonade_db`.`app_ciudad` (`codigo_dane`, `ciudad`, `departamento_dane`, `updated_at`) VALUES (68669, 'San Andrés', 68, DEFAULT);
INSERT INTO `fonade_db`.`app_ciudad` (`codigo_dane`, `ciudad`, `departamento_dane`, `updated_at`) VALUES (68673, 'San Benito', 68, DEFAULT);
INSERT INTO `fonade_db`.`app_ciudad` (`codigo_dane`, `ciudad`, `departamento_dane`, `updated_at`) VALUES (68679, 'San Gil', 68, DEFAULT);
INSERT INTO `fonade_db`.`app_ciudad` (`codigo_dane`, `ciudad`, `departamento_dane`, `updated_at`) VALUES (68682, 'San Joaquín', 68, DEFAULT);
INSERT INTO `fonade_db`.`app_ciudad` (`codigo_dane`, `ciudad`, `departamento_dane`, `updated_at`) VALUES (68684, 'San José de Miranda', 68, DEFAULT);
INSERT INTO `fonade_db`.`app_ciudad` (`codigo_dane`, `ciudad`, `departamento_dane`, `updated_at`) VALUES (68686, 'San Miguel', 68, DEFAULT);
INSERT INTO `fonade_db`.`app_ciudad` (`codigo_dane`, `ciudad`, `departamento_dane`, `updated_at`) VALUES (68689, 'San Vicente de Chucurí', 68, DEFAULT);
INSERT INTO `fonade_db`.`app_ciudad` (`codigo_dane`, `ciudad`, `departamento_dane`, `updated_at`) VALUES (68705, 'Santa Bárbara', 68, DEFAULT);
INSERT INTO `fonade_db`.`app_ciudad` (`codigo_dane`, `ciudad`, `departamento_dane`, `updated_at`) VALUES (68720, 'Santa Helena del Opón', 68, DEFAULT);
INSERT INTO `fonade_db`.`app_ciudad` (`codigo_dane`, `ciudad`, `departamento_dane`, `updated_at`) VALUES (68745, 'Simacota', 68, DEFAULT);
INSERT INTO `fonade_db`.`app_ciudad` (`codigo_dane`, `ciudad`, `departamento_dane`, `updated_at`) VALUES (68755, 'Socorro', 68, DEFAULT);
INSERT INTO `fonade_db`.`app_ciudad` (`codigo_dane`, `ciudad`, `departamento_dane`, `updated_at`) VALUES (68770, 'Suaita', 68, DEFAULT);
INSERT INTO `fonade_db`.`app_ciudad` (`codigo_dane`, `ciudad`, `departamento_dane`, `updated_at`) VALUES (68773, 'Sucre', 68, DEFAULT);
INSERT INTO `fonade_db`.`app_ciudad` (`codigo_dane`, `ciudad`, `departamento_dane`, `updated_at`) VALUES (68780, 'Suratá', 68, DEFAULT);
INSERT INTO `fonade_db`.`app_ciudad` (`codigo_dane`, `ciudad`, `departamento_dane`, `updated_at`) VALUES (68820, 'Tona', 68, DEFAULT);
INSERT INTO `fonade_db`.`app_ciudad` (`codigo_dane`, `ciudad`, `departamento_dane`, `updated_at`) VALUES (68855, 'Valle de San José', 68, DEFAULT);
INSERT INTO `fonade_db`.`app_ciudad` (`codigo_dane`, `ciudad`, `departamento_dane`, `updated_at`) VALUES (68861, 'Vélez', 68, DEFAULT);
INSERT INTO `fonade_db`.`app_ciudad` (`codigo_dane`, `ciudad`, `departamento_dane`, `updated_at`) VALUES (68867, 'Vetas', 68, DEFAULT);
INSERT INTO `fonade_db`.`app_ciudad` (`codigo_dane`, `ciudad`, `departamento_dane`, `updated_at`) VALUES (68872, 'Villanueva', 68, DEFAULT);
INSERT INTO `fonade_db`.`app_ciudad` (`codigo_dane`, `ciudad`, `departamento_dane`, `updated_at`) VALUES (68895, 'Zapatoca', 68, DEFAULT);
INSERT INTO `fonade_db`.`app_ciudad` (`codigo_dane`, `ciudad`, `departamento_dane`, `updated_at`) VALUES (70001, 'Sincelejo', 70, DEFAULT);
INSERT INTO `fonade_db`.`app_ciudad` (`codigo_dane`, `ciudad`, `departamento_dane`, `updated_at`) VALUES (70110, 'Buenavista', 70, DEFAULT);
INSERT INTO `fonade_db`.`app_ciudad` (`codigo_dane`, `ciudad`, `departamento_dane`, `updated_at`) VALUES (70124, 'Caimito', 70, DEFAULT);
INSERT INTO `fonade_db`.`app_ciudad` (`codigo_dane`, `ciudad`, `departamento_dane`, `updated_at`) VALUES (70204, 'Coloso', 70, DEFAULT);
INSERT INTO `fonade_db`.`app_ciudad` (`codigo_dane`, `ciudad`, `departamento_dane`, `updated_at`) VALUES (70215, 'Corozal', 70, DEFAULT);
INSERT INTO `fonade_db`.`app_ciudad` (`codigo_dane`, `ciudad`, `departamento_dane`, `updated_at`) VALUES (70221, 'Coveñas', 70, DEFAULT);
INSERT INTO `fonade_db`.`app_ciudad` (`codigo_dane`, `ciudad`, `departamento_dane`, `updated_at`) VALUES (70230, 'Chalán', 70, DEFAULT);
INSERT INTO `fonade_db`.`app_ciudad` (`codigo_dane`, `ciudad`, `departamento_dane`, `updated_at`) VALUES (70233, 'El Roble', 70, DEFAULT);
INSERT INTO `fonade_db`.`app_ciudad` (`codigo_dane`, `ciudad`, `departamento_dane`, `updated_at`) VALUES (70235, 'Galeras', 70, DEFAULT);
INSERT INTO `fonade_db`.`app_ciudad` (`codigo_dane`, `ciudad`, `departamento_dane`, `updated_at`) VALUES (70265, 'Guaranda', 70, DEFAULT);
INSERT INTO `fonade_db`.`app_ciudad` (`codigo_dane`, `ciudad`, `departamento_dane`, `updated_at`) VALUES (70400, 'La Unión', 70, DEFAULT);
INSERT INTO `fonade_db`.`app_ciudad` (`codigo_dane`, `ciudad`, `departamento_dane`, `updated_at`) VALUES (70418, 'Los Palmitos', 70, DEFAULT);
INSERT INTO `fonade_db`.`app_ciudad` (`codigo_dane`, `ciudad`, `departamento_dane`, `updated_at`) VALUES (70429, 'Majagual', 70, DEFAULT);
INSERT INTO `fonade_db`.`app_ciudad` (`codigo_dane`, `ciudad`, `departamento_dane`, `updated_at`) VALUES (70473, 'Morroa', 70, DEFAULT);
INSERT INTO `fonade_db`.`app_ciudad` (`codigo_dane`, `ciudad`, `departamento_dane`, `updated_at`) VALUES (70508, 'Ovejas', 70, DEFAULT);
INSERT INTO `fonade_db`.`app_ciudad` (`codigo_dane`, `ciudad`, `departamento_dane`, `updated_at`) VALUES (70523, 'Palmito', 70, DEFAULT);
INSERT INTO `fonade_db`.`app_ciudad` (`codigo_dane`, `ciudad`, `departamento_dane`, `updated_at`) VALUES (70670, 'Sampués', 70, DEFAULT);
INSERT INTO `fonade_db`.`app_ciudad` (`codigo_dane`, `ciudad`, `departamento_dane`, `updated_at`) VALUES (70678, 'San Benito Abad', 70, DEFAULT);
INSERT INTO `fonade_db`.`app_ciudad` (`codigo_dane`, `ciudad`, `departamento_dane`, `updated_at`) VALUES (70702, 'San Juan de Betulia', 70, DEFAULT);
INSERT INTO `fonade_db`.`app_ciudad` (`codigo_dane`, `ciudad`, `departamento_dane`, `updated_at`) VALUES (70708, 'San Marcos', 70, DEFAULT);
INSERT INTO `fonade_db`.`app_ciudad` (`codigo_dane`, `ciudad`, `departamento_dane`, `updated_at`) VALUES (70713, 'San Onofre', 70, DEFAULT);
INSERT INTO `fonade_db`.`app_ciudad` (`codigo_dane`, `ciudad`, `departamento_dane`, `updated_at`) VALUES (70717, 'San Pedro', 70, DEFAULT);
INSERT INTO `fonade_db`.`app_ciudad` (`codigo_dane`, `ciudad`, `departamento_dane`, `updated_at`) VALUES (70742, 'San Luis de Sincé', 70, DEFAULT);
INSERT INTO `fonade_db`.`app_ciudad` (`codigo_dane`, `ciudad`, `departamento_dane`, `updated_at`) VALUES (70771, 'Sucre', 70, DEFAULT);
INSERT INTO `fonade_db`.`app_ciudad` (`codigo_dane`, `ciudad`, `departamento_dane`, `updated_at`) VALUES (70820, 'Santiago de Tolú', 70, DEFAULT);
INSERT INTO `fonade_db`.`app_ciudad` (`codigo_dane`, `ciudad`, `departamento_dane`, `updated_at`) VALUES (70823, 'Tolú Viejo', 70, DEFAULT);
INSERT INTO `fonade_db`.`app_ciudad` (`codigo_dane`, `ciudad`, `departamento_dane`, `updated_at`) VALUES (73001, 'Ibagué', 73, DEFAULT);
INSERT INTO `fonade_db`.`app_ciudad` (`codigo_dane`, `ciudad`, `departamento_dane`, `updated_at`) VALUES (73024, 'Alpujarra', 73, DEFAULT);
INSERT INTO `fonade_db`.`app_ciudad` (`codigo_dane`, `ciudad`, `departamento_dane`, `updated_at`) VALUES (73026, 'Alvarado', 73, DEFAULT);
INSERT INTO `fonade_db`.`app_ciudad` (`codigo_dane`, `ciudad`, `departamento_dane`, `updated_at`) VALUES (73030, 'Ambalema', 73, DEFAULT);
INSERT INTO `fonade_db`.`app_ciudad` (`codigo_dane`, `ciudad`, `departamento_dane`, `updated_at`) VALUES (73043, 'Anzoátegui', 73, DEFAULT);
INSERT INTO `fonade_db`.`app_ciudad` (`codigo_dane`, `ciudad`, `departamento_dane`, `updated_at`) VALUES (73055, 'Armero', 73, DEFAULT);
INSERT INTO `fonade_db`.`app_ciudad` (`codigo_dane`, `ciudad`, `departamento_dane`, `updated_at`) VALUES (73067, 'Ataco', 73, DEFAULT);
INSERT INTO `fonade_db`.`app_ciudad` (`codigo_dane`, `ciudad`, `departamento_dane`, `updated_at`) VALUES (73124, 'Cajamarca', 73, DEFAULT);
INSERT INTO `fonade_db`.`app_ciudad` (`codigo_dane`, `ciudad`, `departamento_dane`, `updated_at`) VALUES (73148, 'Carmen de Apicala', 73, DEFAULT);
INSERT INTO `fonade_db`.`app_ciudad` (`codigo_dane`, `ciudad`, `departamento_dane`, `updated_at`) VALUES (73152, 'Casabianca', 73, DEFAULT);
INSERT INTO `fonade_db`.`app_ciudad` (`codigo_dane`, `ciudad`, `departamento_dane`, `updated_at`) VALUES (73168, 'Chaparral', 73, DEFAULT);
INSERT INTO `fonade_db`.`app_ciudad` (`codigo_dane`, `ciudad`, `departamento_dane`, `updated_at`) VALUES (73200, 'Coello', 73, DEFAULT);
INSERT INTO `fonade_db`.`app_ciudad` (`codigo_dane`, `ciudad`, `departamento_dane`, `updated_at`) VALUES (73217, 'Coyaima', 73, DEFAULT);
INSERT INTO `fonade_db`.`app_ciudad` (`codigo_dane`, `ciudad`, `departamento_dane`, `updated_at`) VALUES (73226, 'Cunday', 73, DEFAULT);
INSERT INTO `fonade_db`.`app_ciudad` (`codigo_dane`, `ciudad`, `departamento_dane`, `updated_at`) VALUES (73236, 'Dolores', 73, DEFAULT);
INSERT INTO `fonade_db`.`app_ciudad` (`codigo_dane`, `ciudad`, `departamento_dane`, `updated_at`) VALUES (73268, 'Espinal', 73, DEFAULT);
INSERT INTO `fonade_db`.`app_ciudad` (`codigo_dane`, `ciudad`, `departamento_dane`, `updated_at`) VALUES (73270, 'Falan', 73, DEFAULT);
INSERT INTO `fonade_db`.`app_ciudad` (`codigo_dane`, `ciudad`, `departamento_dane`, `updated_at`) VALUES (73275, 'Flandes', 73, DEFAULT);
INSERT INTO `fonade_db`.`app_ciudad` (`codigo_dane`, `ciudad`, `departamento_dane`, `updated_at`) VALUES (73283, 'Fresno', 73, DEFAULT);
INSERT INTO `fonade_db`.`app_ciudad` (`codigo_dane`, `ciudad`, `departamento_dane`, `updated_at`) VALUES (73319, 'Guamo', 73, DEFAULT);
INSERT INTO `fonade_db`.`app_ciudad` (`codigo_dane`, `ciudad`, `departamento_dane`, `updated_at`) VALUES (73347, 'Herveo', 73, DEFAULT);
INSERT INTO `fonade_db`.`app_ciudad` (`codigo_dane`, `ciudad`, `departamento_dane`, `updated_at`) VALUES (73349, 'Honda', 73, DEFAULT);
INSERT INTO `fonade_db`.`app_ciudad` (`codigo_dane`, `ciudad`, `departamento_dane`, `updated_at`) VALUES (73352, 'Icononzo', 73, DEFAULT);
INSERT INTO `fonade_db`.`app_ciudad` (`codigo_dane`, `ciudad`, `departamento_dane`, `updated_at`) VALUES (73408, 'Lérida', 73, DEFAULT);
INSERT INTO `fonade_db`.`app_ciudad` (`codigo_dane`, `ciudad`, `departamento_dane`, `updated_at`) VALUES (73411, 'Líbano', 73, DEFAULT);
INSERT INTO `fonade_db`.`app_ciudad` (`codigo_dane`, `ciudad`, `departamento_dane`, `updated_at`) VALUES (73443, 'Mariquita', 73, DEFAULT);
INSERT INTO `fonade_db`.`app_ciudad` (`codigo_dane`, `ciudad`, `departamento_dane`, `updated_at`) VALUES (73449, 'Melgar', 73, DEFAULT);
INSERT INTO `fonade_db`.`app_ciudad` (`codigo_dane`, `ciudad`, `departamento_dane`, `updated_at`) VALUES (73461, 'Murillo', 73, DEFAULT);
INSERT INTO `fonade_db`.`app_ciudad` (`codigo_dane`, `ciudad`, `departamento_dane`, `updated_at`) VALUES (73483, 'Natagaima', 73, DEFAULT);
INSERT INTO `fonade_db`.`app_ciudad` (`codigo_dane`, `ciudad`, `departamento_dane`, `updated_at`) VALUES (73504, 'Ortega', 73, DEFAULT);
INSERT INTO `fonade_db`.`app_ciudad` (`codigo_dane`, `ciudad`, `departamento_dane`, `updated_at`) VALUES (73520, 'Palocabildo', 73, DEFAULT);
INSERT INTO `fonade_db`.`app_ciudad` (`codigo_dane`, `ciudad`, `departamento_dane`, `updated_at`) VALUES (73547, 'Piedras', 73, DEFAULT);
INSERT INTO `fonade_db`.`app_ciudad` (`codigo_dane`, `ciudad`, `departamento_dane`, `updated_at`) VALUES (73555, 'Planadas', 73, DEFAULT);
INSERT INTO `fonade_db`.`app_ciudad` (`codigo_dane`, `ciudad`, `departamento_dane`, `updated_at`) VALUES (73563, 'Prado', 73, DEFAULT);
INSERT INTO `fonade_db`.`app_ciudad` (`codigo_dane`, `ciudad`, `departamento_dane`, `updated_at`) VALUES (73585, 'Purificación', 73, DEFAULT);
INSERT INTO `fonade_db`.`app_ciudad` (`codigo_dane`, `ciudad`, `departamento_dane`, `updated_at`) VALUES (73616, 'Rio Blanco', 73, DEFAULT);
INSERT INTO `fonade_db`.`app_ciudad` (`codigo_dane`, `ciudad`, `departamento_dane`, `updated_at`) VALUES (73622, 'Roncesvalles', 73, DEFAULT);
INSERT INTO `fonade_db`.`app_ciudad` (`codigo_dane`, `ciudad`, `departamento_dane`, `updated_at`) VALUES (73624, 'Rovira', 73, DEFAULT);
INSERT INTO `fonade_db`.`app_ciudad` (`codigo_dane`, `ciudad`, `departamento_dane`, `updated_at`) VALUES (73671, 'Saldaña', 73, DEFAULT);
INSERT INTO `fonade_db`.`app_ciudad` (`codigo_dane`, `ciudad`, `departamento_dane`, `updated_at`) VALUES (73675, 'San Antonio', 73, DEFAULT);
INSERT INTO `fonade_db`.`app_ciudad` (`codigo_dane`, `ciudad`, `departamento_dane`, `updated_at`) VALUES (73678, 'San Luis', 73, DEFAULT);
INSERT INTO `fonade_db`.`app_ciudad` (`codigo_dane`, `ciudad`, `departamento_dane`, `updated_at`) VALUES (73686, 'Santa Isabel', 73, DEFAULT);
INSERT INTO `fonade_db`.`app_ciudad` (`codigo_dane`, `ciudad`, `departamento_dane`, `updated_at`) VALUES (73770, 'Suárez', 73, DEFAULT);
INSERT INTO `fonade_db`.`app_ciudad` (`codigo_dane`, `ciudad`, `departamento_dane`, `updated_at`) VALUES (73854, 'Valle de San Juan', 73, DEFAULT);
INSERT INTO `fonade_db`.`app_ciudad` (`codigo_dane`, `ciudad`, `departamento_dane`, `updated_at`) VALUES (73861, 'Venadillo', 73, DEFAULT);
INSERT INTO `fonade_db`.`app_ciudad` (`codigo_dane`, `ciudad`, `departamento_dane`, `updated_at`) VALUES (73870, 'Villahermosa', 73, DEFAULT);
INSERT INTO `fonade_db`.`app_ciudad` (`codigo_dane`, `ciudad`, `departamento_dane`, `updated_at`) VALUES (73873, 'Villarrica', 73, DEFAULT);
INSERT INTO `fonade_db`.`app_ciudad` (`codigo_dane`, `ciudad`, `departamento_dane`, `updated_at`) VALUES (76001, 'Cali', 76, DEFAULT);
INSERT INTO `fonade_db`.`app_ciudad` (`codigo_dane`, `ciudad`, `departamento_dane`, `updated_at`) VALUES (76020, 'Alcalá', 76, DEFAULT);
INSERT INTO `fonade_db`.`app_ciudad` (`codigo_dane`, `ciudad`, `departamento_dane`, `updated_at`) VALUES (76036, 'Andalucía', 76, DEFAULT);
INSERT INTO `fonade_db`.`app_ciudad` (`codigo_dane`, `ciudad`, `departamento_dane`, `updated_at`) VALUES (76041, 'Ansermanuevo', 76, DEFAULT);
INSERT INTO `fonade_db`.`app_ciudad` (`codigo_dane`, `ciudad`, `departamento_dane`, `updated_at`) VALUES (76054, 'Argelia', 76, DEFAULT);
INSERT INTO `fonade_db`.`app_ciudad` (`codigo_dane`, `ciudad`, `departamento_dane`, `updated_at`) VALUES (76100, 'Bolívar', 76, DEFAULT);
INSERT INTO `fonade_db`.`app_ciudad` (`codigo_dane`, `ciudad`, `departamento_dane`, `updated_at`) VALUES (76109, 'Buenaventura', 76, DEFAULT);
INSERT INTO `fonade_db`.`app_ciudad` (`codigo_dane`, `ciudad`, `departamento_dane`, `updated_at`) VALUES (76111, 'Guadalajara de Buga', 76, DEFAULT);
INSERT INTO `fonade_db`.`app_ciudad` (`codigo_dane`, `ciudad`, `departamento_dane`, `updated_at`) VALUES (76113, 'Bugalagrande', 76, DEFAULT);
INSERT INTO `fonade_db`.`app_ciudad` (`codigo_dane`, `ciudad`, `departamento_dane`, `updated_at`) VALUES (76122, 'Caicedonia', 76, DEFAULT);
INSERT INTO `fonade_db`.`app_ciudad` (`codigo_dane`, `ciudad`, `departamento_dane`, `updated_at`) VALUES (76126, 'Calima', 76, DEFAULT);
INSERT INTO `fonade_db`.`app_ciudad` (`codigo_dane`, `ciudad`, `departamento_dane`, `updated_at`) VALUES (76130, 'Candelaria', 76, DEFAULT);
INSERT INTO `fonade_db`.`app_ciudad` (`codigo_dane`, `ciudad`, `departamento_dane`, `updated_at`) VALUES (76147, 'Cartago', 76, DEFAULT);
INSERT INTO `fonade_db`.`app_ciudad` (`codigo_dane`, `ciudad`, `departamento_dane`, `updated_at`) VALUES (76233, 'Dagua', 76, DEFAULT);
INSERT INTO `fonade_db`.`app_ciudad` (`codigo_dane`, `ciudad`, `departamento_dane`, `updated_at`) VALUES (76243, 'El Águila', 76, DEFAULT);
INSERT INTO `fonade_db`.`app_ciudad` (`codigo_dane`, `ciudad`, `departamento_dane`, `updated_at`) VALUES (76246, 'El Cairo', 76, DEFAULT);
INSERT INTO `fonade_db`.`app_ciudad` (`codigo_dane`, `ciudad`, `departamento_dane`, `updated_at`) VALUES (76248, 'El Cerrito', 76, DEFAULT);
INSERT INTO `fonade_db`.`app_ciudad` (`codigo_dane`, `ciudad`, `departamento_dane`, `updated_at`) VALUES (76250, 'El Dovio', 76, DEFAULT);
INSERT INTO `fonade_db`.`app_ciudad` (`codigo_dane`, `ciudad`, `departamento_dane`, `updated_at`) VALUES (76275, 'Florida', 76, DEFAULT);
INSERT INTO `fonade_db`.`app_ciudad` (`codigo_dane`, `ciudad`, `departamento_dane`, `updated_at`) VALUES (76306, 'Ginebra', 76, DEFAULT);
INSERT INTO `fonade_db`.`app_ciudad` (`codigo_dane`, `ciudad`, `departamento_dane`, `updated_at`) VALUES (76318, 'Guacarí', 76, DEFAULT);
INSERT INTO `fonade_db`.`app_ciudad` (`codigo_dane`, `ciudad`, `departamento_dane`, `updated_at`) VALUES (76364, 'Jamundí', 76, DEFAULT);
INSERT INTO `fonade_db`.`app_ciudad` (`codigo_dane`, `ciudad`, `departamento_dane`, `updated_at`) VALUES (76377, 'La Cumbre', 76, DEFAULT);
INSERT INTO `fonade_db`.`app_ciudad` (`codigo_dane`, `ciudad`, `departamento_dane`, `updated_at`) VALUES (76400, 'La Unión', 76, DEFAULT);
INSERT INTO `fonade_db`.`app_ciudad` (`codigo_dane`, `ciudad`, `departamento_dane`, `updated_at`) VALUES (76403, 'La Victoria', 76, DEFAULT);
INSERT INTO `fonade_db`.`app_ciudad` (`codigo_dane`, `ciudad`, `departamento_dane`, `updated_at`) VALUES (76497, 'Obando', 76, DEFAULT);
INSERT INTO `fonade_db`.`app_ciudad` (`codigo_dane`, `ciudad`, `departamento_dane`, `updated_at`) VALUES (76520, 'Palmira', 76, DEFAULT);
INSERT INTO `fonade_db`.`app_ciudad` (`codigo_dane`, `ciudad`, `departamento_dane`, `updated_at`) VALUES (76563, 'Pradera', 76, DEFAULT);
INSERT INTO `fonade_db`.`app_ciudad` (`codigo_dane`, `ciudad`, `departamento_dane`, `updated_at`) VALUES (76606, 'Restrepo', 76, DEFAULT);
INSERT INTO `fonade_db`.`app_ciudad` (`codigo_dane`, `ciudad`, `departamento_dane`, `updated_at`) VALUES (76616, 'Riofrío', 76, DEFAULT);
INSERT INTO `fonade_db`.`app_ciudad` (`codigo_dane`, `ciudad`, `departamento_dane`, `updated_at`) VALUES (76622, 'Roldanillo', 76, DEFAULT);
INSERT INTO `fonade_db`.`app_ciudad` (`codigo_dane`, `ciudad`, `departamento_dane`, `updated_at`) VALUES (76670, 'San Pedro', 76, DEFAULT);
INSERT INTO `fonade_db`.`app_ciudad` (`codigo_dane`, `ciudad`, `departamento_dane`, `updated_at`) VALUES (76736, 'Sevilla', 76, DEFAULT);
INSERT INTO `fonade_db`.`app_ciudad` (`codigo_dane`, `ciudad`, `departamento_dane`, `updated_at`) VALUES (76823, 'Toro', 76, DEFAULT);
INSERT INTO `fonade_db`.`app_ciudad` (`codigo_dane`, `ciudad`, `departamento_dane`, `updated_at`) VALUES (76828, 'Trujillo', 76, DEFAULT);
INSERT INTO `fonade_db`.`app_ciudad` (`codigo_dane`, `ciudad`, `departamento_dane`, `updated_at`) VALUES (76834, 'Tuluá', 76, DEFAULT);
INSERT INTO `fonade_db`.`app_ciudad` (`codigo_dane`, `ciudad`, `departamento_dane`, `updated_at`) VALUES (76845, 'Ulloa', 76, DEFAULT);
INSERT INTO `fonade_db`.`app_ciudad` (`codigo_dane`, `ciudad`, `departamento_dane`, `updated_at`) VALUES (76863, 'Versalles', 76, DEFAULT);
INSERT INTO `fonade_db`.`app_ciudad` (`codigo_dane`, `ciudad`, `departamento_dane`, `updated_at`) VALUES (76869, 'Vijes', 76, DEFAULT);
INSERT INTO `fonade_db`.`app_ciudad` (`codigo_dane`, `ciudad`, `departamento_dane`, `updated_at`) VALUES (76890, 'Yotoco', 76, DEFAULT);
INSERT INTO `fonade_db`.`app_ciudad` (`codigo_dane`, `ciudad`, `departamento_dane`, `updated_at`) VALUES (76892, 'Yumbo', 76, DEFAULT);
INSERT INTO `fonade_db`.`app_ciudad` (`codigo_dane`, `ciudad`, `departamento_dane`, `updated_at`) VALUES (76895, 'Zarzal', 76, DEFAULT);
INSERT INTO `fonade_db`.`app_ciudad` (`codigo_dane`, `ciudad`, `departamento_dane`, `updated_at`) VALUES (81001, 'Arauca', 81, DEFAULT);
INSERT INTO `fonade_db`.`app_ciudad` (`codigo_dane`, `ciudad`, `departamento_dane`, `updated_at`) VALUES (81065, 'Arauquita', 81, DEFAULT);
INSERT INTO `fonade_db`.`app_ciudad` (`codigo_dane`, `ciudad`, `departamento_dane`, `updated_at`) VALUES (81220, 'Cravo Norte', 81, DEFAULT);
INSERT INTO `fonade_db`.`app_ciudad` (`codigo_dane`, `ciudad`, `departamento_dane`, `updated_at`) VALUES (81300, 'Fortul', 81, DEFAULT);
INSERT INTO `fonade_db`.`app_ciudad` (`codigo_dane`, `ciudad`, `departamento_dane`, `updated_at`) VALUES (81591, 'Puerto Rondón', 81, DEFAULT);
INSERT INTO `fonade_db`.`app_ciudad` (`codigo_dane`, `ciudad`, `departamento_dane`, `updated_at`) VALUES (81736, 'Saravena', 81, DEFAULT);
INSERT INTO `fonade_db`.`app_ciudad` (`codigo_dane`, `ciudad`, `departamento_dane`, `updated_at`) VALUES (81794, 'Tame', 81, DEFAULT);
INSERT INTO `fonade_db`.`app_ciudad` (`codigo_dane`, `ciudad`, `departamento_dane`, `updated_at`) VALUES (85001, 'Yopal', 85, DEFAULT);
INSERT INTO `fonade_db`.`app_ciudad` (`codigo_dane`, `ciudad`, `departamento_dane`, `updated_at`) VALUES (85010, 'Aguazul', 85, DEFAULT);
INSERT INTO `fonade_db`.`app_ciudad` (`codigo_dane`, `ciudad`, `departamento_dane`, `updated_at`) VALUES (85015, 'Chámeza', 85, DEFAULT);
INSERT INTO `fonade_db`.`app_ciudad` (`codigo_dane`, `ciudad`, `departamento_dane`, `updated_at`) VALUES (85125, 'Hato Corozal', 85, DEFAULT);
INSERT INTO `fonade_db`.`app_ciudad` (`codigo_dane`, `ciudad`, `departamento_dane`, `updated_at`) VALUES (85136, 'La Salina', 85, DEFAULT);
INSERT INTO `fonade_db`.`app_ciudad` (`codigo_dane`, `ciudad`, `departamento_dane`, `updated_at`) VALUES (85139, 'Maní', 85, DEFAULT);
INSERT INTO `fonade_db`.`app_ciudad` (`codigo_dane`, `ciudad`, `departamento_dane`, `updated_at`) VALUES (85162, 'Monterrey', 85, DEFAULT);
INSERT INTO `fonade_db`.`app_ciudad` (`codigo_dane`, `ciudad`, `departamento_dane`, `updated_at`) VALUES (85225, 'Nunchía', 85, DEFAULT);
INSERT INTO `fonade_db`.`app_ciudad` (`codigo_dane`, `ciudad`, `departamento_dane`, `updated_at`) VALUES (85230, 'Orocué', 85, DEFAULT);
INSERT INTO `fonade_db`.`app_ciudad` (`codigo_dane`, `ciudad`, `departamento_dane`, `updated_at`) VALUES (85250, 'Paz de Ariporo', 85, DEFAULT);
INSERT INTO `fonade_db`.`app_ciudad` (`codigo_dane`, `ciudad`, `departamento_dane`, `updated_at`) VALUES (85263, 'Pore', 85, DEFAULT);
INSERT INTO `fonade_db`.`app_ciudad` (`codigo_dane`, `ciudad`, `departamento_dane`, `updated_at`) VALUES (85279, 'Recetor', 85, DEFAULT);
INSERT INTO `fonade_db`.`app_ciudad` (`codigo_dane`, `ciudad`, `departamento_dane`, `updated_at`) VALUES (85300, 'Sabanalarga', 85, DEFAULT);
INSERT INTO `fonade_db`.`app_ciudad` (`codigo_dane`, `ciudad`, `departamento_dane`, `updated_at`) VALUES (85315, 'Sácama', 85, DEFAULT);
INSERT INTO `fonade_db`.`app_ciudad` (`codigo_dane`, `ciudad`, `departamento_dane`, `updated_at`) VALUES (85325, 'San Luis de Gaceno', 85, DEFAULT);
INSERT INTO `fonade_db`.`app_ciudad` (`codigo_dane`, `ciudad`, `departamento_dane`, `updated_at`) VALUES (85400, 'Támara', 85, DEFAULT);
INSERT INTO `fonade_db`.`app_ciudad` (`codigo_dane`, `ciudad`, `departamento_dane`, `updated_at`) VALUES (85410, 'Tauramena', 85, DEFAULT);
INSERT INTO `fonade_db`.`app_ciudad` (`codigo_dane`, `ciudad`, `departamento_dane`, `updated_at`) VALUES (85430, 'Trinidad', 85, DEFAULT);
INSERT INTO `fonade_db`.`app_ciudad` (`codigo_dane`, `ciudad`, `departamento_dane`, `updated_at`) VALUES (85440, 'Villanueva', 85, DEFAULT);
INSERT INTO `fonade_db`.`app_ciudad` (`codigo_dane`, `ciudad`, `departamento_dane`, `updated_at`) VALUES (86001, 'Mocoa', 86, DEFAULT);
INSERT INTO `fonade_db`.`app_ciudad` (`codigo_dane`, `ciudad`, `departamento_dane`, `updated_at`) VALUES (86219, 'Colón', 86, DEFAULT);
INSERT INTO `fonade_db`.`app_ciudad` (`codigo_dane`, `ciudad`, `departamento_dane`, `updated_at`) VALUES (86320, 'Orito', 86, DEFAULT);
INSERT INTO `fonade_db`.`app_ciudad` (`codigo_dane`, `ciudad`, `departamento_dane`, `updated_at`) VALUES (86568, 'Puerto Asís', 86, DEFAULT);
INSERT INTO `fonade_db`.`app_ciudad` (`codigo_dane`, `ciudad`, `departamento_dane`, `updated_at`) VALUES (86569, 'Puerto Caicedo', 86, DEFAULT);
INSERT INTO `fonade_db`.`app_ciudad` (`codigo_dane`, `ciudad`, `departamento_dane`, `updated_at`) VALUES (86571, 'Puerto Guzmán', 86, DEFAULT);
INSERT INTO `fonade_db`.`app_ciudad` (`codigo_dane`, `ciudad`, `departamento_dane`, `updated_at`) VALUES (86573, 'Leguízamo', 86, DEFAULT);
INSERT INTO `fonade_db`.`app_ciudad` (`codigo_dane`, `ciudad`, `departamento_dane`, `updated_at`) VALUES (86749, 'Sibundoy', 86, DEFAULT);
INSERT INTO `fonade_db`.`app_ciudad` (`codigo_dane`, `ciudad`, `departamento_dane`, `updated_at`) VALUES (86755, 'San Francisco', 86, DEFAULT);
INSERT INTO `fonade_db`.`app_ciudad` (`codigo_dane`, `ciudad`, `departamento_dane`, `updated_at`) VALUES (86757, 'San Miguel', 86, DEFAULT);
INSERT INTO `fonade_db`.`app_ciudad` (`codigo_dane`, `ciudad`, `departamento_dane`, `updated_at`) VALUES (86760, 'Santiago', 86, DEFAULT);
INSERT INTO `fonade_db`.`app_ciudad` (`codigo_dane`, `ciudad`, `departamento_dane`, `updated_at`) VALUES (86865, 'Valle de Guamez', 86, DEFAULT);
INSERT INTO `fonade_db`.`app_ciudad` (`codigo_dane`, `ciudad`, `departamento_dane`, `updated_at`) VALUES (86885, 'Villagarzón', 86, DEFAULT);
INSERT INTO `fonade_db`.`app_ciudad` (`codigo_dane`, `ciudad`, `departamento_dane`, `updated_at`) VALUES (88001, 'San Andrés', 88, DEFAULT);
INSERT INTO `fonade_db`.`app_ciudad` (`codigo_dane`, `ciudad`, `departamento_dane`, `updated_at`) VALUES (88564, 'Providencia', 88, DEFAULT);
INSERT INTO `fonade_db`.`app_ciudad` (`codigo_dane`, `ciudad`, `departamento_dane`, `updated_at`) VALUES (91001, 'Leticia', 91, DEFAULT);
INSERT INTO `fonade_db`.`app_ciudad` (`codigo_dane`, `ciudad`, `departamento_dane`, `updated_at`) VALUES (91263, 'El Encanto', 91, DEFAULT);
INSERT INTO `fonade_db`.`app_ciudad` (`codigo_dane`, `ciudad`, `departamento_dane`, `updated_at`) VALUES (91405, 'La Chorrera', 91, DEFAULT);
INSERT INTO `fonade_db`.`app_ciudad` (`codigo_dane`, `ciudad`, `departamento_dane`, `updated_at`) VALUES (91407, 'La Pedrera', 91, DEFAULT);
INSERT INTO `fonade_db`.`app_ciudad` (`codigo_dane`, `ciudad`, `departamento_dane`, `updated_at`) VALUES (91430, 'La Victoria', 91, DEFAULT);
INSERT INTO `fonade_db`.`app_ciudad` (`codigo_dane`, `ciudad`, `departamento_dane`, `updated_at`) VALUES (91460, 'Miriti Paraná', 91, DEFAULT);
INSERT INTO `fonade_db`.`app_ciudad` (`codigo_dane`, `ciudad`, `departamento_dane`, `updated_at`) VALUES (91530, 'Puerto Alegría', 91, DEFAULT);
INSERT INTO `fonade_db`.`app_ciudad` (`codigo_dane`, `ciudad`, `departamento_dane`, `updated_at`) VALUES (91536, 'Puerto Arica', 91, DEFAULT);
INSERT INTO `fonade_db`.`app_ciudad` (`codigo_dane`, `ciudad`, `departamento_dane`, `updated_at`) VALUES (91540, 'Puerto Nariño', 91, DEFAULT);
INSERT INTO `fonade_db`.`app_ciudad` (`codigo_dane`, `ciudad`, `departamento_dane`, `updated_at`) VALUES (91669, 'Puerto Santander', 91, DEFAULT);
INSERT INTO `fonade_db`.`app_ciudad` (`codigo_dane`, `ciudad`, `departamento_dane`, `updated_at`) VALUES (91798, 'Tarapacá', 91, DEFAULT);
INSERT INTO `fonade_db`.`app_ciudad` (`codigo_dane`, `ciudad`, `departamento_dane`, `updated_at`) VALUES (94001, 'Inírida', 94, DEFAULT);
INSERT INTO `fonade_db`.`app_ciudad` (`codigo_dane`, `ciudad`, `departamento_dane`, `updated_at`) VALUES (94343, 'Barranco Minas', 94, DEFAULT);
INSERT INTO `fonade_db`.`app_ciudad` (`codigo_dane`, `ciudad`, `departamento_dane`, `updated_at`) VALUES (94663, 'Mapiripana', 94, DEFAULT);
INSERT INTO `fonade_db`.`app_ciudad` (`codigo_dane`, `ciudad`, `departamento_dane`, `updated_at`) VALUES (94883, 'San Felipe', 94, DEFAULT);
INSERT INTO `fonade_db`.`app_ciudad` (`codigo_dane`, `ciudad`, `departamento_dane`, `updated_at`) VALUES (94884, 'Puerto Colombia', 94, DEFAULT);
INSERT INTO `fonade_db`.`app_ciudad` (`codigo_dane`, `ciudad`, `departamento_dane`, `updated_at`) VALUES (94885, 'La Guadalupe', 94, DEFAULT);
INSERT INTO `fonade_db`.`app_ciudad` (`codigo_dane`, `ciudad`, `departamento_dane`, `updated_at`) VALUES (94886, 'Cacahual', 94, DEFAULT);
INSERT INTO `fonade_db`.`app_ciudad` (`codigo_dane`, `ciudad`, `departamento_dane`, `updated_at`) VALUES (94887, 'Pana Pana', 94, DEFAULT);
INSERT INTO `fonade_db`.`app_ciudad` (`codigo_dane`, `ciudad`, `departamento_dane`, `updated_at`) VALUES (94888, 'Morichal', 94, DEFAULT);
INSERT INTO `fonade_db`.`app_ciudad` (`codigo_dane`, `ciudad`, `departamento_dane`, `updated_at`) VALUES (95001, 'San José del Guaviare', 95, DEFAULT);
INSERT INTO `fonade_db`.`app_ciudad` (`codigo_dane`, `ciudad`, `departamento_dane`, `updated_at`) VALUES (95015, 'Calamar', 95, DEFAULT);
INSERT INTO `fonade_db`.`app_ciudad` (`codigo_dane`, `ciudad`, `departamento_dane`, `updated_at`) VALUES (95025, 'El Retorno', 95, DEFAULT);
INSERT INTO `fonade_db`.`app_ciudad` (`codigo_dane`, `ciudad`, `departamento_dane`, `updated_at`) VALUES (95200, 'Miraflores', 95, DEFAULT);
INSERT INTO `fonade_db`.`app_ciudad` (`codigo_dane`, `ciudad`, `departamento_dane`, `updated_at`) VALUES (97001, 'Mitú', 97, DEFAULT);
INSERT INTO `fonade_db`.`app_ciudad` (`codigo_dane`, `ciudad`, `departamento_dane`, `updated_at`) VALUES (97161, 'Caruru', 97, DEFAULT);
INSERT INTO `fonade_db`.`app_ciudad` (`codigo_dane`, `ciudad`, `departamento_dane`, `updated_at`) VALUES (97511, 'Pacoa', 97, DEFAULT);
INSERT INTO `fonade_db`.`app_ciudad` (`codigo_dane`, `ciudad`, `departamento_dane`, `updated_at`) VALUES (97666, 'Taraira', 97, DEFAULT);
INSERT INTO `fonade_db`.`app_ciudad` (`codigo_dane`, `ciudad`, `departamento_dane`, `updated_at`) VALUES (97777, 'Papunaua', 97, DEFAULT);
INSERT INTO `fonade_db`.`app_ciudad` (`codigo_dane`, `ciudad`, `departamento_dane`, `updated_at`) VALUES (97889, 'Yavaraté', 97, DEFAULT);
INSERT INTO `fonade_db`.`app_ciudad` (`codigo_dane`, `ciudad`, `departamento_dane`, `updated_at`) VALUES (99001, 'Puerto Carreño', 99, DEFAULT);
INSERT INTO `fonade_db`.`app_ciudad` (`codigo_dane`, `ciudad`, `departamento_dane`, `updated_at`) VALUES (99524, 'La Primavera', 99, DEFAULT);
INSERT INTO `fonade_db`.`app_ciudad` (`codigo_dane`, `ciudad`, `departamento_dane`, `updated_at`) VALUES (99624, 'Santa Rosalía', 99, DEFAULT);
INSERT INTO `fonade_db`.`app_ciudad` (`codigo_dane`, `ciudad`, `departamento_dane`, `updated_at`) VALUES (99773, 'Cumaribo', 99, DEFAULT);

COMMIT;


-- -----------------------------------------------------
-- Data for table `fonade_db`.`app_rol`
-- -----------------------------------------------------
START TRANSACTION;
USE `fonade_db`;
INSERT INTO `fonade_db`.`app_rol` (`id`, `nombre_unico`, `description`, `updated_at`) VALUES (1, 'administrador', 'Rol de administrador del sistema', DEFAULT);
INSERT INTO `fonade_db`.`app_rol` (`id`, `nombre_unico`, `description`, `updated_at`) VALUES (2, 'interventor', 'Rol de interventor del sistema', DEFAULT);
INSERT INTO `fonade_db`.`app_rol` (`id`, `nombre_unico`, `description`, `updated_at`) VALUES (3, 'lae', 'Rol de LAE del sistema', DEFAULT);
INSERT INTO `fonade_db`.`app_rol` (`id`, `nombre_unico`, `description`, `updated_at`) VALUES (4, 'emprendedor', 'Rol de emprendedor del sistema', DEFAULT);

COMMIT;


-- -----------------------------------------------------
-- Data for table `fonade_db`.`app_usuario`
-- -----------------------------------------------------
START TRANSACTION;
USE `fonade_db`;
INSERT INTO `fonade_db`.`app_usuario` (`id`, `nombres`, `apellidos`, `correo`, `clave`, `imagen`, `telefono`, `contacto`, `ciudad_dane`, `rol_id`, `lae_id`, `updated_at`) VALUES (1, 'Administrador', 'General', 'admin@admin.com', 'e10adc3949ba59abbe56e057f20f883e', NULL, NULL, NULL, NULL, 1, NULL, DEFAULT);
INSERT INTO `fonade_db`.`app_usuario` (`id`, `nombres`, `apellidos`, `correo`, `clave`, `imagen`, `telefono`, `contacto`, `ciudad_dane`, `rol_id`, `lae_id`, `updated_at`) VALUES (2, 'Usuario Int', 'Interventor', 'interventor@interventor.com', 'e10adc3949ba59abbe56e057f20f883e', NULL, NULL, NULL, NULL, 2, NULL, DEFAULT);
INSERT INTO `fonade_db`.`app_usuario` (`id`, `nombres`, `apellidos`, `correo`, `clave`, `imagen`, `telefono`, `contacto`, `ciudad_dane`, `rol_id`, `lae_id`, `updated_at`) VALUES (3, 'Usuario Lae', 'LAE', 'lae@lae.com', 'e10adc3949ba59abbe56e057f20f883e', NULL, NULL, NULL, NULL, 3, NULL, DEFAULT);
INSERT INTO `fonade_db`.`app_usuario` (`id`, `nombres`, `apellidos`, `correo`, `clave`, `imagen`, `telefono`, `contacto`, `ciudad_dane`, `rol_id`, `lae_id`, `updated_at`) VALUES (4, 'Usuario Emp', 'Emprendedor', 'emprendedor@emprendedor.com', 'e10adc3949ba59abbe56e057f20f883e', NULL, NULL, NULL, NULL, 4, NULL, DEFAULT);

COMMIT;


-- -----------------------------------------------------
-- Data for table `fonade_db`.`app_festivos`
-- -----------------------------------------------------
START TRANSACTION;
USE `fonade_db`;
INSERT INTO `fonade_db`.`app_festivos` (`id`, `fecha`, `descripcion`, `updated_at`) VALUES (1, '2018-01-01', 'NULL', DEFAULT);
INSERT INTO `fonade_db`.`app_festivos` (`id`, `fecha`, `descripcion`, `updated_at`) VALUES (2, '2018-01-08', 'NULL', DEFAULT);
INSERT INTO `fonade_db`.`app_festivos` (`id`, `fecha`, `descripcion`, `updated_at`) VALUES (3, '2018-03-19', 'NULL', DEFAULT);
INSERT INTO `fonade_db`.`app_festivos` (`id`, `fecha`, `descripcion`, `updated_at`) VALUES (4, '2018-03-29', 'NULL', DEFAULT);
INSERT INTO `fonade_db`.`app_festivos` (`id`, `fecha`, `descripcion`, `updated_at`) VALUES (5, '2018-03-30', 'NULL', DEFAULT);
INSERT INTO `fonade_db`.`app_festivos` (`id`, `fecha`, `descripcion`, `updated_at`) VALUES (6, '2018-05-01', 'NULL', DEFAULT);
INSERT INTO `fonade_db`.`app_festivos` (`id`, `fecha`, `descripcion`, `updated_at`) VALUES (7, '2018-05-14', 'NULL', DEFAULT);
INSERT INTO `fonade_db`.`app_festivos` (`id`, `fecha`, `descripcion`, `updated_at`) VALUES (8, '2018-06-04', 'NULL', DEFAULT);
INSERT INTO `fonade_db`.`app_festivos` (`id`, `fecha`, `descripcion`, `updated_at`) VALUES (9, '2018-06-11', 'NULL', DEFAULT);
INSERT INTO `fonade_db`.`app_festivos` (`id`, `fecha`, `descripcion`, `updated_at`) VALUES (10, '2018-07-02', 'NULL', DEFAULT);
INSERT INTO `fonade_db`.`app_festivos` (`id`, `fecha`, `descripcion`, `updated_at`) VALUES (11, '2018-07-20', 'NULL', DEFAULT);
INSERT INTO `fonade_db`.`app_festivos` (`id`, `fecha`, `descripcion`, `updated_at`) VALUES (12, '2018-08-07', 'NULL', DEFAULT);
INSERT INTO `fonade_db`.`app_festivos` (`id`, `fecha`, `descripcion`, `updated_at`) VALUES (13, '2018-08-20', 'NULL', DEFAULT);
INSERT INTO `fonade_db`.`app_festivos` (`id`, `fecha`, `descripcion`, `updated_at`) VALUES (14, '2018-10-15', 'NULL', DEFAULT);
INSERT INTO `fonade_db`.`app_festivos` (`id`, `fecha`, `descripcion`, `updated_at`) VALUES (15, '2018-11-05', 'NULL', DEFAULT);
INSERT INTO `fonade_db`.`app_festivos` (`id`, `fecha`, `descripcion`, `updated_at`) VALUES (16, '2018-11-12', 'NULL', DEFAULT);
INSERT INTO `fonade_db`.`app_festivos` (`id`, `fecha`, `descripcion`, `updated_at`) VALUES (17, '2018-12-08', 'NULL', DEFAULT);
INSERT INTO `fonade_db`.`app_festivos` (`id`, `fecha`, `descripcion`, `updated_at`) VALUES (18, '2018-12-25', 'NULL', DEFAULT);
INSERT INTO `fonade_db`.`app_festivos` (`id`, `fecha`, `descripcion`, `updated_at`) VALUES (19, '2019-01-01', 'NULL', DEFAULT);
INSERT INTO `fonade_db`.`app_festivos` (`id`, `fecha`, `descripcion`, `updated_at`) VALUES (20, '2019-01-07', 'NULL', DEFAULT);
INSERT INTO `fonade_db`.`app_festivos` (`id`, `fecha`, `descripcion`, `updated_at`) VALUES (21, '2019-03-25', 'NULL', DEFAULT);
INSERT INTO `fonade_db`.`app_festivos` (`id`, `fecha`, `descripcion`, `updated_at`) VALUES (22, '2019-04-18', 'NULL', DEFAULT);
INSERT INTO `fonade_db`.`app_festivos` (`id`, `fecha`, `descripcion`, `updated_at`) VALUES (23, '2019-04-19', 'NULL', DEFAULT);
INSERT INTO `fonade_db`.`app_festivos` (`id`, `fecha`, `descripcion`, `updated_at`) VALUES (24, '2019-05-01', 'NULL', DEFAULT);
INSERT INTO `fonade_db`.`app_festivos` (`id`, `fecha`, `descripcion`, `updated_at`) VALUES (25, '2019-06-03', 'NULL', DEFAULT);
INSERT INTO `fonade_db`.`app_festivos` (`id`, `fecha`, `descripcion`, `updated_at`) VALUES (26, '2019-06-24', 'NULL', DEFAULT);
INSERT INTO `fonade_db`.`app_festivos` (`id`, `fecha`, `descripcion`, `updated_at`) VALUES (27, '2019-07-01', 'NULL', DEFAULT);
INSERT INTO `fonade_db`.`app_festivos` (`id`, `fecha`, `descripcion`, `updated_at`) VALUES (28, '2019-07-20', 'NULL', DEFAULT);
INSERT INTO `fonade_db`.`app_festivos` (`id`, `fecha`, `descripcion`, `updated_at`) VALUES (29, '2019-08-07', 'NULL', DEFAULT);
INSERT INTO `fonade_db`.`app_festivos` (`id`, `fecha`, `descripcion`, `updated_at`) VALUES (30, '2019-08-19', 'NULL', DEFAULT);
INSERT INTO `fonade_db`.`app_festivos` (`id`, `fecha`, `descripcion`, `updated_at`) VALUES (31, '2019-10-14', 'NULL', DEFAULT);
INSERT INTO `fonade_db`.`app_festivos` (`id`, `fecha`, `descripcion`, `updated_at`) VALUES (32, '2019-11-04', 'NULL', DEFAULT);
INSERT INTO `fonade_db`.`app_festivos` (`id`, `fecha`, `descripcion`, `updated_at`) VALUES (33, '2019-11-11', 'NULL', DEFAULT);
INSERT INTO `fonade_db`.`app_festivos` (`id`, `fecha`, `descripcion`, `updated_at`) VALUES (34, '2019-12-25', 'NULL', DEFAULT);
INSERT INTO `fonade_db`.`app_festivos` (`id`, `fecha`, `descripcion`, `updated_at`) VALUES (35, '2020-01-01', 'NULL', DEFAULT);
INSERT INTO `fonade_db`.`app_festivos` (`id`, `fecha`, `descripcion`, `updated_at`) VALUES (36, '2020-01-06', 'NULL', DEFAULT);
INSERT INTO `fonade_db`.`app_festivos` (`id`, `fecha`, `descripcion`, `updated_at`) VALUES (37, '2020-03-23', 'NULL', DEFAULT);
INSERT INTO `fonade_db`.`app_festivos` (`id`, `fecha`, `descripcion`, `updated_at`) VALUES (38, '2020-04-09', 'NULL', DEFAULT);
INSERT INTO `fonade_db`.`app_festivos` (`id`, `fecha`, `descripcion`, `updated_at`) VALUES (39, '2020-04-10', 'NULL', DEFAULT);
INSERT INTO `fonade_db`.`app_festivos` (`id`, `fecha`, `descripcion`, `updated_at`) VALUES (40, '2020-05-01', 'NULL', DEFAULT);
INSERT INTO `fonade_db`.`app_festivos` (`id`, `fecha`, `descripcion`, `updated_at`) VALUES (41, '2020-05-25', 'NULL', DEFAULT);
INSERT INTO `fonade_db`.`app_festivos` (`id`, `fecha`, `descripcion`, `updated_at`) VALUES (42, '2020-06-15', 'NULL', DEFAULT);
INSERT INTO `fonade_db`.`app_festivos` (`id`, `fecha`, `descripcion`, `updated_at`) VALUES (43, '2020-06-22', 'NULL', DEFAULT);
INSERT INTO `fonade_db`.`app_festivos` (`id`, `fecha`, `descripcion`, `updated_at`) VALUES (44, '2020-06-29', 'NULL', DEFAULT);
INSERT INTO `fonade_db`.`app_festivos` (`id`, `fecha`, `descripcion`, `updated_at`) VALUES (45, '2020-07-20', 'NULL', DEFAULT);
INSERT INTO `fonade_db`.`app_festivos` (`id`, `fecha`, `descripcion`, `updated_at`) VALUES (46, '2020-08-07', 'NULL', DEFAULT);
INSERT INTO `fonade_db`.`app_festivos` (`id`, `fecha`, `descripcion`, `updated_at`) VALUES (47, '2020-08-17', 'NULL', DEFAULT);
INSERT INTO `fonade_db`.`app_festivos` (`id`, `fecha`, `descripcion`, `updated_at`) VALUES (48, '2020-10-12', 'NULL', DEFAULT);
INSERT INTO `fonade_db`.`app_festivos` (`id`, `fecha`, `descripcion`, `updated_at`) VALUES (49, '2020-11-02', 'NULL', DEFAULT);
INSERT INTO `fonade_db`.`app_festivos` (`id`, `fecha`, `descripcion`, `updated_at`) VALUES (50, '2020-11-16', 'NULL', DEFAULT);
INSERT INTO `fonade_db`.`app_festivos` (`id`, `fecha`, `descripcion`, `updated_at`) VALUES (51, '2020-12-08', 'NULL', DEFAULT);
INSERT INTO `fonade_db`.`app_festivos` (`id`, `fecha`, `descripcion`, `updated_at`) VALUES (52, '2020-12-25', 'NULL', DEFAULT);
INSERT INTO `fonade_db`.`app_festivos` (`id`, `fecha`, `descripcion`, `updated_at`) VALUES (53, '2021-01-01', 'NULL', DEFAULT);
INSERT INTO `fonade_db`.`app_festivos` (`id`, `fecha`, `descripcion`, `updated_at`) VALUES (54, '2021-01-11', 'NULL', DEFAULT);
INSERT INTO `fonade_db`.`app_festivos` (`id`, `fecha`, `descripcion`, `updated_at`) VALUES (55, '2021-03-22', 'NULL', DEFAULT);
INSERT INTO `fonade_db`.`app_festivos` (`id`, `fecha`, `descripcion`, `updated_at`) VALUES (56, '2021-04-01', 'NULL', DEFAULT);
INSERT INTO `fonade_db`.`app_festivos` (`id`, `fecha`, `descripcion`, `updated_at`) VALUES (57, '2021-04-02', 'NULL', DEFAULT);
INSERT INTO `fonade_db`.`app_festivos` (`id`, `fecha`, `descripcion`, `updated_at`) VALUES (58, '2021-05-01', 'NULL', DEFAULT);
INSERT INTO `fonade_db`.`app_festivos` (`id`, `fecha`, `descripcion`, `updated_at`) VALUES (59, '2021-05-17', 'NULL', DEFAULT);
INSERT INTO `fonade_db`.`app_festivos` (`id`, `fecha`, `descripcion`, `updated_at`) VALUES (60, '2021-06-07', 'NULL', DEFAULT);
INSERT INTO `fonade_db`.`app_festivos` (`id`, `fecha`, `descripcion`, `updated_at`) VALUES (61, '2021-06-14', 'NULL', DEFAULT);
INSERT INTO `fonade_db`.`app_festivos` (`id`, `fecha`, `descripcion`, `updated_at`) VALUES (62, '2021-07-05', 'NULL', DEFAULT);
INSERT INTO `fonade_db`.`app_festivos` (`id`, `fecha`, `descripcion`, `updated_at`) VALUES (63, '2021-07-20', 'NULL', DEFAULT);
INSERT INTO `fonade_db`.`app_festivos` (`id`, `fecha`, `descripcion`, `updated_at`) VALUES (64, '2021-08-07', 'NULL', DEFAULT);
INSERT INTO `fonade_db`.`app_festivos` (`id`, `fecha`, `descripcion`, `updated_at`) VALUES (65, '2021-08-16', 'NULL', DEFAULT);
INSERT INTO `fonade_db`.`app_festivos` (`id`, `fecha`, `descripcion`, `updated_at`) VALUES (66, '2021-10-18', 'NULL', DEFAULT);
INSERT INTO `fonade_db`.`app_festivos` (`id`, `fecha`, `descripcion`, `updated_at`) VALUES (67, '2021-11-01', 'NULL', DEFAULT);
INSERT INTO `fonade_db`.`app_festivos` (`id`, `fecha`, `descripcion`, `updated_at`) VALUES (68, '2021-11-15', 'NULL', DEFAULT);
INSERT INTO `fonade_db`.`app_festivos` (`id`, `fecha`, `descripcion`, `updated_at`) VALUES (69, '2021-12-08', 'NULL', DEFAULT);
INSERT INTO `fonade_db`.`app_festivos` (`id`, `fecha`, `descripcion`, `updated_at`) VALUES (70, '2021-12-25', 'NULL', DEFAULT);

COMMIT;


-- -----------------------------------------------------
-- Data for table `fonade_db`.`app_modulos`
-- -----------------------------------------------------
START TRANSACTION;
USE `fonade_db`;
INSERT INTO `fonade_db`.`app_modulos` (`id`, `nombre_unico`, `descripcion`, `updated_at`) VALUES (1, 'administradores', 'Acceso al módulo de administradores', DEFAULT);
INSERT INTO `fonade_db`.`app_modulos` (`id`, `nombre_unico`, `descripcion`, `updated_at`) VALUES (2, 'calendario', 'Acceso al módulo de calendario', DEFAULT);
INSERT INTO `fonade_db`.`app_modulos` (`id`, `nombre_unico`, `descripcion`, `updated_at`) VALUES (3, 'cargacsv', 'Acceso al módulo de cargacsv', DEFAULT);
INSERT INTO `fonade_db`.`app_modulos` (`id`, `nombre_unico`, `descripcion`, `updated_at`) VALUES (4, 'centro_negocios', 'Acceso al módulo de centro_negocios', DEFAULT);
INSERT INTO `fonade_db`.`app_modulos` (`id`, `nombre_unico`, `descripcion`, `updated_at`) VALUES (5, 'ciudades', 'Acceso al módulo de ciudades', DEFAULT);
INSERT INTO `fonade_db`.`app_modulos` (`id`, `nombre_unico`, `descripcion`, `updated_at`) VALUES (6, 'convocatorias', 'Acceso al módulo de convocatorias', DEFAULT);
INSERT INTO `fonade_db`.`app_modulos` (`id`, `nombre_unico`, `descripcion`, `updated_at`) VALUES (7, 'departamentos', 'Acceso al módulo de departamentos', DEFAULT);
INSERT INTO `fonade_db`.`app_modulos` (`id`, `nombre_unico`, `descripcion`, `updated_at`) VALUES (8, 'documentos', 'Acceso al módulo de documentos', DEFAULT);
INSERT INTO `fonade_db`.`app_modulos` (`id`, `nombre_unico`, `descripcion`, `updated_at`) VALUES (9, 'documentos_emprendedor', 'Acceso al módulo de documentos_emprendedor', DEFAULT);
INSERT INTO `fonade_db`.`app_modulos` (`id`, `nombre_unico`, `descripcion`, `updated_at`) VALUES (10, 'emprendedores', 'Acceso al módulo de emprendedores', DEFAULT);
INSERT INTO `fonade_db`.`app_modulos` (`id`, `nombre_unico`, `descripcion`, `updated_at`) VALUES (11, 'home', 'Acceso al módulo de home', DEFAULT);
INSERT INTO `fonade_db`.`app_modulos` (`id`, `nombre_unico`, `descripcion`, `updated_at`) VALUES (12, 'interventores', 'Acceso al módulo de interventores', DEFAULT);
INSERT INTO `fonade_db`.`app_modulos` (`id`, `nombre_unico`, `descripcion`, `updated_at`) VALUES (13, 'laes', 'Acceso al módulo de laes', DEFAULT);
INSERT INTO `fonade_db`.`app_modulos` (`id`, `nombre_unico`, `descripcion`, `updated_at`) VALUES (14, 'login', 'Acceso al módulo de login', DEFAULT);
INSERT INTO `fonade_db`.`app_modulos` (`id`, `nombre_unico`, `descripcion`, `updated_at`) VALUES (15, 'notificaciones', 'Acceso al módulo de notificaciones', DEFAULT);
INSERT INTO `fonade_db`.`app_modulos` (`id`, `nombre_unico`, `descripcion`, `updated_at`) VALUES (16, 'perfil', 'Acceso al módulo de perfil', DEFAULT);
INSERT INTO `fonade_db`.`app_modulos` (`id`, `nombre_unico`, `descripcion`, `updated_at`) VALUES (17, 'proyectos', 'Acceso al módulo de proyectos', DEFAULT);
INSERT INTO `fonade_db`.`app_modulos` (`id`, `nombre_unico`, `descripcion`, `updated_at`) VALUES (18, 'regiones', 'Acceso al módulo de regiones', DEFAULT);
INSERT INTO `fonade_db`.`app_modulos` (`id`, `nombre_unico`, `descripcion`, `updated_at`) VALUES (19, 'reportes', 'Acceso al módulo de reportes', DEFAULT);
INSERT INTO `fonade_db`.`app_modulos` (`id`, `nombre_unico`, `descripcion`, `updated_at`) VALUES (20, 'roles', 'Acceso al módulo de roles', DEFAULT);
INSERT INTO `fonade_db`.`app_modulos` (`id`, `nombre_unico`, `descripcion`, `updated_at`) VALUES (21, 'rolHomeLoader', 'Acceso al módulo de rolHomeLoader', DEFAULT);
INSERT INTO `fonade_db`.`app_modulos` (`id`, `nombre_unico`, `descripcion`, `updated_at`) VALUES (22, 'usuarios', 'Acceso al módulo de usuarios', DEFAULT);
INSERT INTO `fonade_db`.`app_modulos` (`id`, `nombre_unico`, `descripcion`, `updated_at`) VALUES (23, 'visitas', 'Acceso al módulo de visitas', DEFAULT);

COMMIT;


-- -----------------------------------------------------
-- Data for table `fonade_db`.`app_acceso_modulos`
-- -----------------------------------------------------
START TRANSACTION;
USE `fonade_db`;
INSERT INTO `fonade_db`.`app_acceso_modulos` (`id`, `rol_id`, `modulos_id`, `updated_at`) VALUES (1, 1, 1, DEFAULT);
INSERT INTO `fonade_db`.`app_acceso_modulos` (`id`, `rol_id`, `modulos_id`, `updated_at`) VALUES (2, 1, 2, DEFAULT);
INSERT INTO `fonade_db`.`app_acceso_modulos` (`id`, `rol_id`, `modulos_id`, `updated_at`) VALUES (3, 1, 3, DEFAULT);
INSERT INTO `fonade_db`.`app_acceso_modulos` (`id`, `rol_id`, `modulos_id`, `updated_at`) VALUES (4, 1, 4, DEFAULT);
INSERT INTO `fonade_db`.`app_acceso_modulos` (`id`, `rol_id`, `modulos_id`, `updated_at`) VALUES (5, 1, 5, DEFAULT);
INSERT INTO `fonade_db`.`app_acceso_modulos` (`id`, `rol_id`, `modulos_id`, `updated_at`) VALUES (6, 1, 6, DEFAULT);
INSERT INTO `fonade_db`.`app_acceso_modulos` (`id`, `rol_id`, `modulos_id`, `updated_at`) VALUES (7, 1, 7, DEFAULT);
INSERT INTO `fonade_db`.`app_acceso_modulos` (`id`, `rol_id`, `modulos_id`, `updated_at`) VALUES (8, 1, 8, DEFAULT);
INSERT INTO `fonade_db`.`app_acceso_modulos` (`id`, `rol_id`, `modulos_id`, `updated_at`) VALUES (9, 1, 9, DEFAULT);
INSERT INTO `fonade_db`.`app_acceso_modulos` (`id`, `rol_id`, `modulos_id`, `updated_at`) VALUES (10, 1, 10, DEFAULT);
INSERT INTO `fonade_db`.`app_acceso_modulos` (`id`, `rol_id`, `modulos_id`, `updated_at`) VALUES (11, 1, 12, DEFAULT);
INSERT INTO `fonade_db`.`app_acceso_modulos` (`id`, `rol_id`, `modulos_id`, `updated_at`) VALUES (12, 1, 13, DEFAULT);
INSERT INTO `fonade_db`.`app_acceso_modulos` (`id`, `rol_id`, `modulos_id`, `updated_at`) VALUES (13, 1, 14, DEFAULT);
INSERT INTO `fonade_db`.`app_acceso_modulos` (`id`, `rol_id`, `modulos_id`, `updated_at`) VALUES (14, 1, 15, DEFAULT);
INSERT INTO `fonade_db`.`app_acceso_modulos` (`id`, `rol_id`, `modulos_id`, `updated_at`) VALUES (15, 1, 16, DEFAULT);
INSERT INTO `fonade_db`.`app_acceso_modulos` (`id`, `rol_id`, `modulos_id`, `updated_at`) VALUES (16, 1, 17, DEFAULT);
INSERT INTO `fonade_db`.`app_acceso_modulos` (`id`, `rol_id`, `modulos_id`, `updated_at`) VALUES (17, 1, 18, DEFAULT);
INSERT INTO `fonade_db`.`app_acceso_modulos` (`id`, `rol_id`, `modulos_id`, `updated_at`) VALUES (18, 1, 19, DEFAULT);
INSERT INTO `fonade_db`.`app_acceso_modulos` (`id`, `rol_id`, `modulos_id`, `updated_at`) VALUES (19, 1, 20, DEFAULT);
INSERT INTO `fonade_db`.`app_acceso_modulos` (`id`, `rol_id`, `modulos_id`, `updated_at`) VALUES (20, 1, 21, DEFAULT);
INSERT INTO `fonade_db`.`app_acceso_modulos` (`id`, `rol_id`, `modulos_id`, `updated_at`) VALUES (21, 1, 22, DEFAULT);
INSERT INTO `fonade_db`.`app_acceso_modulos` (`id`, `rol_id`, `modulos_id`, `updated_at`) VALUES (22, 1, 23, DEFAULT);
INSERT INTO `fonade_db`.`app_acceso_modulos` (`id`, `rol_id`, `modulos_id`, `updated_at`) VALUES (23, 2, 13, DEFAULT);
INSERT INTO `fonade_db`.`app_acceso_modulos` (`id`, `rol_id`, `modulos_id`, `updated_at`) VALUES (24, 2, 20, DEFAULT);
INSERT INTO `fonade_db`.`app_acceso_modulos` (`id`, `rol_id`, `modulos_id`, `updated_at`) VALUES (25, 2, 17, DEFAULT);
INSERT INTO `fonade_db`.`app_acceso_modulos` (`id`, `rol_id`, `modulos_id`, `updated_at`) VALUES (26, 2, 23, DEFAULT);
INSERT INTO `fonade_db`.`app_acceso_modulos` (`id`, `rol_id`, `modulos_id`, `updated_at`) VALUES (27, 2, 10, DEFAULT);
INSERT INTO `fonade_db`.`app_acceso_modulos` (`id`, `rol_id`, `modulos_id`, `updated_at`) VALUES (28, 2, 9, DEFAULT);
INSERT INTO `fonade_db`.`app_acceso_modulos` (`id`, `rol_id`, `modulos_id`, `updated_at`) VALUES (29, 2, 8, DEFAULT);
INSERT INTO `fonade_db`.`app_acceso_modulos` (`id`, `rol_id`, `modulos_id`, `updated_at`) VALUES (30, 2, 2, DEFAULT);
INSERT INTO `fonade_db`.`app_acceso_modulos` (`id`, `rol_id`, `modulos_id`, `updated_at`) VALUES (31, 2, 15, DEFAULT);
INSERT INTO `fonade_db`.`app_acceso_modulos` (`id`, `rol_id`, `modulos_id`, `updated_at`) VALUES (32, 2, 16, DEFAULT);
INSERT INTO `fonade_db`.`app_acceso_modulos` (`id`, `rol_id`, `modulos_id`, `updated_at`) VALUES (33, 2, 14, DEFAULT);
INSERT INTO `fonade_db`.`app_acceso_modulos` (`id`, `rol_id`, `modulos_id`, `updated_at`) VALUES (34, 2, 21, DEFAULT);
INSERT INTO `fonade_db`.`app_acceso_modulos` (`id`, `rol_id`, `modulos_id`, `updated_at`) VALUES (35, 3, 12, DEFAULT);
INSERT INTO `fonade_db`.`app_acceso_modulos` (`id`, `rol_id`, `modulos_id`, `updated_at`) VALUES (36, 3, 20, DEFAULT);
INSERT INTO `fonade_db`.`app_acceso_modulos` (`id`, `rol_id`, `modulos_id`, `updated_at`) VALUES (37, 3, 17, DEFAULT);
INSERT INTO `fonade_db`.`app_acceso_modulos` (`id`, `rol_id`, `modulos_id`, `updated_at`) VALUES (38, 3, 23, DEFAULT);
INSERT INTO `fonade_db`.`app_acceso_modulos` (`id`, `rol_id`, `modulos_id`, `updated_at`) VALUES (39, 3, 10, DEFAULT);
INSERT INTO `fonade_db`.`app_acceso_modulos` (`id`, `rol_id`, `modulos_id`, `updated_at`) VALUES (40, 3, 9, DEFAULT);
INSERT INTO `fonade_db`.`app_acceso_modulos` (`id`, `rol_id`, `modulos_id`, `updated_at`) VALUES (41, 3, 8, DEFAULT);
INSERT INTO `fonade_db`.`app_acceso_modulos` (`id`, `rol_id`, `modulos_id`, `updated_at`) VALUES (42, 3, 2, DEFAULT);
INSERT INTO `fonade_db`.`app_acceso_modulos` (`id`, `rol_id`, `modulos_id`, `updated_at`) VALUES (43, 3, 15, DEFAULT);
INSERT INTO `fonade_db`.`app_acceso_modulos` (`id`, `rol_id`, `modulos_id`, `updated_at`) VALUES (44, 3, 16, DEFAULT);
INSERT INTO `fonade_db`.`app_acceso_modulos` (`id`, `rol_id`, `modulos_id`, `updated_at`) VALUES (45, 3, 14, DEFAULT);
INSERT INTO `fonade_db`.`app_acceso_modulos` (`id`, `rol_id`, `modulos_id`, `updated_at`) VALUES (46, 3, 21, DEFAULT);
INSERT INTO `fonade_db`.`app_acceso_modulos` (`id`, `rol_id`, `modulos_id`, `updated_at`) VALUES (47, 4, 12, DEFAULT);
INSERT INTO `fonade_db`.`app_acceso_modulos` (`id`, `rol_id`, `modulos_id`, `updated_at`) VALUES (48, 4, 20, DEFAULT);
INSERT INTO `fonade_db`.`app_acceso_modulos` (`id`, `rol_id`, `modulos_id`, `updated_at`) VALUES (49, 4, 17, DEFAULT);
INSERT INTO `fonade_db`.`app_acceso_modulos` (`id`, `rol_id`, `modulos_id`, `updated_at`) VALUES (50, 4, 23, DEFAULT);
INSERT INTO `fonade_db`.`app_acceso_modulos` (`id`, `rol_id`, `modulos_id`, `updated_at`) VALUES (51, 4, 9, DEFAULT);
INSERT INTO `fonade_db`.`app_acceso_modulos` (`id`, `rol_id`, `modulos_id`, `updated_at`) VALUES (52, 4, 8, DEFAULT);
INSERT INTO `fonade_db`.`app_acceso_modulos` (`id`, `rol_id`, `modulos_id`, `updated_at`) VALUES (53, 4, 2, DEFAULT);
INSERT INTO `fonade_db`.`app_acceso_modulos` (`id`, `rol_id`, `modulos_id`, `updated_at`) VALUES (54, 4, 15, DEFAULT);
INSERT INTO `fonade_db`.`app_acceso_modulos` (`id`, `rol_id`, `modulos_id`, `updated_at`) VALUES (55, 4, 16, DEFAULT);
INSERT INTO `fonade_db`.`app_acceso_modulos` (`id`, `rol_id`, `modulos_id`, `updated_at`) VALUES (56, 4, 14, DEFAULT);
INSERT INTO `fonade_db`.`app_acceso_modulos` (`id`, `rol_id`, `modulos_id`, `updated_at`) VALUES (57, 4, 21, DEFAULT);
INSERT INTO `fonade_db`.`app_acceso_modulos` (`id`, `rol_id`, `modulos_id`, `updated_at`) VALUES (58, 1, 11, DEFAULT);
INSERT INTO `fonade_db`.`app_acceso_modulos` (`id`, `rol_id`, `modulos_id`, `updated_at`) VALUES (59, 2, 11, DEFAULT);
INSERT INTO `fonade_db`.`app_acceso_modulos` (`id`, `rol_id`, `modulos_id`, `updated_at`) VALUES (60, 3, 11, DEFAULT);
INSERT INTO `fonade_db`.`app_acceso_modulos` (`id`, `rol_id`, `modulos_id`, `updated_at`) VALUES (61, 4, 11, DEFAULT);

COMMIT;

